,restaurant,review_text
0,Good Morning Restaurant,Pizza phong cÃ¡ch Ã. NgÃ¡n háº£i sáº£n nÃªn cáº£ nhÃ  ghÃ© Ä‘Ã¢y Äƒn. GiÃ¡ cáº£ ráº» vÃ  mÃ³n Äƒn trÃ¬nh bÃ y Ä‘áº¹p vÃ  Ä‘Ãºng há»£p kháº©u vá»‹ l.
1,Háº¡t Dáº» TrÃ¹ng KhÃ¡nh,"- Vá»‹ trÃ­: chá»‰ lÃ  1 chiáº¿c xe nho nhá» náº±m á»Ÿ khu ngÃ£ 5 sÃ¢n bay CÃ¡t Bi thÃ´i, phÃ­a trÆ°á»›c quÃ¡n phá»Ÿ HoÃ  Ä‘Ã´ng khÃ¡ch vÃ  Ä‘á»‘i diá»‡n máº¥y hÃ ng hoa nhÃ© cÃ¡c báº¡n.
- cháº¥t lÆ°á»£ng: mÃ¬nh ráº¥t thÃ­ch Äƒn háº¡t dáº» á»Ÿ Ä‘Ã¢y vÃ¬ "
2,Bá»™t - Healthy & Weight Loss Food - Shop Online,"Nay lang thang trÃªn BM tháº¥y Ä‘ang khuyáº¿n mÃ£i xong lÃªn foody Ä‘á»c review tháº¥y khen cÅ©ng nhiá»u nÃªn order Äƒn thá»­, cáº£m nháº­n lÃ  vá»‹ ngon, Ä‘á»“ Äƒn nhiá»u, Äƒn no, mÃ¬nh tá»«ng order nhÃ¬u nÆ¡i khÃ¡c nhau Ä‘a sá»‘ Ä‘á»“ Äƒn siÃªu Ã­t vÃ  hÆ¡i khÃ´, quÃ¡n nÃ y bÃ¡n ok nÃ¨, mai sáº½ thá»­ mÃ³n khÃ¡c :)"
3,BÃ¡nh GiÃ² Chá»£ Nguyá»…n CÃ´ng Trá»©,"QuÃ¡n náº±m trong chá»£ Nguyá»…n CÃ´ng Trá»©, cÅ©ng dá»… tÃ¬m báº¡n chá»‰ cáº§n Ä‘i tháº³ng vÃ o chá»£ lÃ  tá»›i. QuÃ¡n tÆ°Æ¡ng Ä‘á»‘i Ä‘Ã´ng vÃ  khÃ´ng cÃ³ chá»— Ä‘á»ƒ xe. BÃªn cáº¡nh bÃ¡n trÃ  Ä‘Ã¡ trá»©ng vá»‹t lá»™n, trá»©ng ngáº£i cá»©u (trá»©ng ngáº£i cá»©u cÃ³ nÆ°á»›c cháº¥m siÃªu ngon). BÃ¡nh báº¡n cÃ³ thá»ƒ Äƒn kÃ¨m topping lÃ  giÃ² lá»¥a, giÃ² bÃ², nem chua tuá»³ chá»n. Äáº·c biá»‡t nháº¥t pháº£i ká»ƒ Ä‘áº¿n tÆ°Æ¡ng á»›t. Vá»‹ cay ngá»t ráº¥t Ä‘áº·c biá»‡t. Láº§n nÃ o qua mÃ¬nh cÅ©ng pháº£i Ä‘Ã¡ 2 cÃ¡i cÃ¡c báº¡n áº¡. Báº¡n cÃ³ thá»ƒ tá»›i mua mang vá» nhÃ©. BÃ¡nh háº¿t tÆ°Æ¡ng Ä‘á»‘i nhanh."
4,QuÃ¡n Quáº£ng - BÃºn Quáº£ng,"NgÃ£i heo vá»›i heo thiá»‡ttttt ğŸ·ğŸ·ğŸ·
ğŸ¤¤ğŸ¤¤ bÃºn nem cháº£ gÃ¬ gÃ¬ cá»§a Quáº£ng - bao ngon, bao thÆ¡m, bao no ğŸ¤¤ğŸ¤¤
 quÃ¡n nÃ y á»Ÿ tráº§n vÄƒn khÃ©o .Káº¿ sÃ² á»‘c 99. QuÃ¡n quáº£ng. MÃ¬nh Äƒn ráº¥t vá»«a miá»‡ng. Thá»‹t nÆ°á»›ng má»m. NÆ°á»›c cháº¥m vá»«a Äƒn. Do mÃ¬nh ko thÃ­ch Äƒn dáº§u má»¡ nhÃ¬u nÃªn cháº£ giÃ² rÃ¡n nÃ³ mÃ¬nh Äƒn ko nhÃ¬u. NhÆ°ng ko ngáº¥y. Má»—i khÃºc cháº£ Ä‘á»u cÃ³ tÃ´m nguyÃªn con. NhÆ°ng náº¿u lá»™t vá» tÃ´m háº£ bá» vÃ o cháº£ giÃ² thÃ¬ á»•n hÆ¡n. ğŸ˜Œ"
5,Bá» KÃ¨ Gia ÄÃ¬nh - Háº£i Sáº£n BÃ¬nh DÃ¢n,"QuÃ¡n bá» kÃ¨ gia Ä‘Ã¬nh,giÃ¡ Äƒn biÌ€nh dÃ¢n,ngon,chá»§ quÃ¡n thÃ¢n thiá»‡n nhiá»‡t tÃ¬nh,láº§n nÃ o ra Ä‘Ã¢y mÃ¬nh cuÌƒng ghÃ© á»§ng há»™ quÃ¡n,cÃ¡c báº¡n nÃªÌu cÃ³ ra Ä‘Ã¢y thÃ¬ nÃªn ghÃ© thá»­ nha"
6,VÃ¢n Anh QuÃ¡n - QuÃ¡n Háº£i Sáº£n,"GhÃ© MÅ©i nÃ© nÃªn thá»­ Ä‘á»“ Äƒn á»Ÿ quÃ¡n. Láº©u cÃ¡ Ä‘á»¥c ngon tuyá»‡t, háº£i sáº£n tÆ°Æ¡i náº¥u Äƒn ráº¥t ngon. GiÃ¡ cáº£ ráº¥t ráº» phÃ¹ há»£p Äƒn trÆ°a vÃ  tá»‘i. Anh chá»‹ chá»§ quÃ¡n dá»… chá»‹u nhiá»‡t tÃ¬nh"
7,Bulgogi - Äá»“ NÆ°á»›ng Than Hoa - LÃª Há»“ng Phong,"Buffet á»Ÿ Háº£i PhÃ²ng thÃ¬ pháº£i chá»n Bulgogi!!!!
Äá»“ Äƒn ngon, Ä‘a dáº¡ng tá»« háº£i sáº£n tá»›i cÃ¡c loáº¡i thá»‹t, Ä‘áº·c biá»‡t lÃ  khÃ´ng khÃ³i. Ä‚n á»Ÿ nhiá»u chá»— khÃ¡c thÆ°á»ng khÃ´ng cÃ³ hÃºt khÃ³i.
Äáº·c biá»‡t lÃ  mÃ³n báº¹ sá»¯a vá»›i xiÃªn nÆ°á»›ng, Äƒn thá»‹t ngá»t, khÃ´ng láº¡t.
Khi háº¿t mÃ³n á»Ÿ bÃ n chá»n buffet thÃ¬ ngay láº­p tá»©c vÃ³, khÃ´ng pháº£i Ä‘á»£i hay gá»i.
Tay nghá» nÆ°á»›ng cá»§a nhÃ¢n viÃªn cao, khÃ´ng bá»‹ xÃ©m hay dai sá»‘ng nhÆ° á»Ÿ yoyo hay nhá»¯ng nÆ¡i khÃ¡c.
NhÃ¢n viÃªn thÃ¡i Ä‘á»™ phá»¥c vá»¥ thÃ¢n thiá»‡n, giao lÆ°u tá»± nhiÃªn vá»›i khÃ¡c hÃ ng."
8,BÃ¡nh Báº¡ch Tuá»™c TAKOYAKI - Anh Tuá»™c,"1 nÄƒm 2l Ä‘i vÅ©ng tÃ u Äƒn nha mÃ­ báº¡n. ViÃªn to cháº¥t luog
Vá»‹ trÃ­ : tá»a láº¡c con Ä‘Æ°á»ng huyáº¿t máº¡ch VT - Ba Cu
GiÃ¡ : ráº» rá» -20 25k há»™p tÃ¹y vá»‹
KhÃ´ng gian : takeaway lÃ  chá»§ yáº¿u, ai mÃºn ngá»“i thÃ¬ cÃ³ hÃ g gháº¿ bÃ n Ä‘áº§y Ä‘á»§
Cháº¥t lÆ°á»£ng : viÃªn to nha, Ã­t bá»™t, cáº¯n vÃ´ cáº£m nháº­n dc miáº¿g báº¡ch tuá»™t to vÃ  tÆ°Æ¡i, dÃ²n lun. á» tp Äƒn háº¿t há»™p r mÃ  k bik cÃ³ báº¡ch tuá»™t trá»ng k ná»¯a :((( sá»‘t cÃ³ 4l, m Äƒn vá»‹ phÃ´ mai vs vá»‹ j chua ngá»t máº·n ráº¥t ngon. LÃ¢u lm rá»“i má»›i dc Äƒn tako cháº¥t nhÆ° v
Vá»«a viáº¿t review vá»«a cháº£y nc dÃ£i vÃ¬ thÃ¨m, táº­n t12 má»›i dc Äƒn ná»¯a láº­n"
9,The L_o_n_g Bar - InterContinental Resort,"Phong cáº£nh Ä‘áº¹p, thá»©c uá»‘ng ngon táº¡i Resort sang trá»ng nháº¥t tháº¿ giá»›i. 
Báº¡n cÃ³ thá»ƒ ngá»“i á»Ÿ LongBar  nhÃ¢m nhi ly Cocktail vá»›i má»™t Ã­t snack vÃ  ngáº¯m cáº£nh biá»ƒn, Ä‘áº·c biá»‡t lÃ  nhá»¯ng ngÃ y náº¯ng Ä‘áº¹p.
bÃ¢y giá» cocktail ná»•i báº­t nháº¥t á»Ÿ Ä‘Ã¢y lÃ  : Lotus Cocktail - cocktail Ä‘áº¡t giáº£i nháº¥t táº¡i cuá»™c thi Bartender VN 2015 vá»›i thÃ nh pháº§n chÃ­nh lÃ  chÃ¨ háº¡t sen vÃ  má»™t Ã­t rÆ°á»£u, mang Ä‘áº­m phong cÃ¡ch viá»‡t . ngoÃ i ra cÃ²n cÃ³ Heavenly Fire vá»›i vá»‹ cay cay cá»§a á»›t, thÆ¡m mÃ¹i vanilla vÃ  ná»“ng ná»“ng chÃºt rÆ°á»£u vodka..
Hoáº·c báº¡n cÃ³ thá»ƒ tÃ¬m hÆ°Æ¡ng vá»‹ cocktail phá»• biáº¿n nhÆ° Long Island Iced Tea hay Singapore Sling ...
HÃ£y dÃ nh chÃºt thá»i gian vÃ o cuá»‘i tuáº§n Ä‘á»ƒ lÃªn Ä‘Ã¢y thÆ° giÃ£n."
10,ChÃ¡o Quáº£ng,"LÃ¢u rá»“i má»›i ghÃ© láº¡i Ä‘Ã¢y Äƒn chÃ¡o, mÃ¬nh Ä‘áº¿n buá»•i sÃ¡ng, vÃ  quÃ¡n chÃ¡o nÃ y má»Ÿ bÃ¡n tá»« sÃ¡ng Ä‘áº¿n trÆ°a thÃ¬ nghá»‰, tá»›i chiá»u táº§m 3 4h sáº½ má»Ÿ cá»­a bÃ¡n tá»›i tá»‘i luÃ´n. Do báº¡n mÃ¬nh bá»‡nh nÃªn ghÃ© vÃ o Äƒn chÃ¡o buá»•i sÃ¡ng vÃ  chá»n ngá»“i láº¡i Äƒn luÃ´n chá»© khÃ´ng mua mang vá».
MÃ¬nh gá»i chÃ¡o quáº£ng thay vÃ¬ bÃ¬nh thÆ°á»ng mÃ¬nh hay Äƒn chÃ¡o thá»‹t báº±m, chÃ¡o quáº£ng cÃ³ váº» háº¥p dáº«n hÆ¡n, chÃ¡o quáº£ng gá»“m cÃ³ thá»‹t viÃªn, cáº­t, gan, vÃ  nháº¥t lÃ  dÄ©a rau cá»§a quÃ¡n ráº¥t háº¥p dáº«n, cÃ³ giÃ¡ vá»›i rau mÃ¡, báº¯p chuá»‘i ná»¯a, tuy mÃ¬nh khÃ´ng thÃ­ch Äƒn rau chÆ°a Ä‘Æ°á»£c trá»¥ng nhÆ°ng cáº£m tháº¥y lÃ  quÃ¡n chuáº©n bá»‹ dÄ©a rau ráº¥t sáº¡ch sáº½ cho khÃ¡ch.
Äáº¿n Äƒn thÃ¬ mÃ¬nh má»›i biáº¿t lÃ  quÃ¡n Ä‘Ã£ lÃªn giÃ¡ 1 tÃ´ lÃ  30k rá»“i, thay vÃ¬ lÃºc trÆ°á»›c lÃ  27 28k, tháº­t ra cháº¥t lÆ°á»£ng hay chÃ¡o Ã­t hoáº·c nhiá»u thÃ¬ cÅ©ng váº­y, mÃ¹i vá»‹ cÅ©ng giá»‘ng há»‡t khÃ´ng thay Ä‘á»•i, mÃ  giÃ¡ cáº£ thÃ¬ lÃªn tÃ­ xÃ­u cÅ©ng cháº¥p nháº­n Ä‘Æ°á»£c, chÃ¡o cÅ©ng nÃ³ng há»•i, khÃ¡ch Ä‘áº¿n má»›i lÃ m mang ra, vá»›i láº¡i háº¡t gáº¡o cá»§a chÃ¡o cÅ©ng háº¡t gáº¡o ngon. Máº¥y cÃ´ chÃº phá»¥c vá»¥ toÃ n ngÆ°á»i lá»›n tuá»•i nÃªn lá»‹ch sá»± vÃ  cÅ©ng nhanh nháº¹n láº¯m!"
11,Pizza Hut - Pháº¡m VÄƒn Thuáº­n,Dá»¡ hÆ¡n chá»¯ dá»¡ . Ko bao giá» cÃ³ láº§n sao . Tá»‘n gáº§n 800k Äƒn ko Ä‘c gÃ¬ . Äá»£i máº¥t cáº£ 1 tiáº¿ng . Má»›i nháº­n Ä‘c.
12,BÃ¡nh Äa VÃ¡ch - Láº©u VÃ¡ch & Láº©u ThÃ¡i,"Quen Äƒn bÃ¡nh Ä‘a vÃ¡ch á»Ÿ bá» sÃ´ng Tráº§n Quang Kháº£i máº¥y nÄƒm nay rá»“i bÃ¢y giá» quÃ¡n chuyá»ƒn vá» Nguyá»…n CÃ´ng HoÃ  mÃ  cÃ³ thÃªm cáº£ láº©u ná»¯a. 1 bÃ¡t bÃ¡nh Ä‘a Ãº á»¥ nhÃ¢n, nÆ°á»›c dÃ¹ng váº«n ngá»t thanh. CÃ³ nhiá»u loáº¡i láº©u Ä‘á»ƒ chá»n nhÃ©"
13,Háº£i Sáº£n LÃ ng TÃ´m,"MÃ¬nh ráº¥t hÃ i lÃ²ng vá»›i cháº¥t lÆ°á»£ng Háº£i sáº£n ,giÃ¡ thÃ nh cÅ©ng nhÆ° sá»± nhiá»‡t tÃ¬nh cá»§a báº¡n hÆ°á»›ng dáº«n.Báº¡n cá»±c ká»³ chuyÃªn nghiá»‡p giá»›i thiá»‡u mÃ³n Äƒn giÃ¡ cáº£ cÃ¡ch cháº¿ biáº¿n sao cho há»£p lÃ­ vá»›i Menu háº£i sáº£n mÃ¬nh chá»n, mÃ¬nh chá»n TÃ´m HÃ™m 4 con nhÆ°ng báº¡n cÃ²n nÃ³i con kia hÆ¡i ngá»™p rá»“i khÃ´ng ngon láº¯m anh sá»­ dá»¥ng 3 con thÃ´i. KhÃ´ng gian thÃ¬ mÃ¡t máº½ ,má»—i Ä‘iá»ƒm trá»« duy nháº¥t lÃ  hÆ¡i xa trung tÃ¢m , nhÆ°ng khÃ´ng quan trá»ng láº¯m, Ä‘oÃ n mÃ¬nh 18 ngÆ°á»i nhÆ°ng phá»¥c vá»¥ nhanh .ThÃ¡ng sau mÃ¬nh cÅ©ng dáº©n thÃªm 1 Ä‘oÃ n ra Nha Trang ná»¯a vÃ  váº«n sáº½ ghÃ© láº¡i quÃ¡n."
14,Six On Six Cafe,"ThÃ­ch chá»— nÃ y nháº¥t ÄN, gáº§n nhÆ° tuáº§n nÃ o cÅ©ng pháº£i qua má»›i chá»‹u. Äá»“ Äƒn Ä‘á»“ uá»‘ng vá»«a ngon mÃ  vá»«a nhiá»u, no cÄƒng bá»¥ng luÃ´n. QuÃ¡n cÃ³ vá»«a mÃ¡t láº¯m mÃ  trang trÃ­ cÅ©ng Ä‘áº¹p. QuÃ¡n cÃ³ bÃ© cÃºn tÃªn Paco vÃ  má»›i thÃªm bÃ© miu ná»¯a cá»±c ká»³ thÃ¢n thiá»‡n vÃ  Ä‘Ã¡ng yÃªu luÃ´n. Phá»¥c vá»¥ nhanh vÃ  nhiá»‡t tÃ¬nh, cÃ´ chá»§ hay ra trÃ² chuyá»‡n vá»›i khÃ¡ch nÃªn lÃºc nÃ o cÅ©ng tháº¥y Ä‘Æ°á»£c chÃ o Ä‘Ã³n :)"
15,Hip - QuÃ¡n Ä‚n HÃ n Quá»‘c,"Ngon nhÆ°ng dáº¡o nÃ y cháº¥t lÆ°á»£ng Ä‘á»“ Äƒn giáº£m trong khi giÃ¡ lÃªn 
KhÃ´ng gian chiá»u tá»‘i nhiá»u muá»—i 
ThÃ¡i Ä‘á»™ nhÃ¢n viÃªn dá»… thÆ°Æ¡ng nhiá»‡t tÃ¬nh"
16,Hu Dim - Dim Sum & Láº©u Hong Kong,"Äá»“ Äƒn tÃ­nh giÃ¡ quÃ¡ Ä‘áº¯t, cua tá»§ láº¡nh. NÃ³i chung ko nÃªn phÃ­ tiá»n á»Ÿ cÃ¡i quÃ¡n nÃ y."
17,NhÃ  HÃ ng SÃ´ng Ráº¡ch HÃ o - Quá»‘c Lá»™ 51,"Háº£i sáº£n tÆ°Æ¡i ngon,táº§m 30p lÃ  cÃ³ mÃ³n,sáº½ ghÃ© láº¡i láº§n sau"
18,BÃºn SÆ°á»n Chua - XÃ£ ÄÃ n,"Chá»§ quÃ¡n cÃ³ thÃ¡i Ä‘á»™ tá»‡ chÆ°a tá»«ng tháº¥y, coi thÆ°á»ng khÃ¡ch, khÃ¡ch há»i khÃ´ng thÃ¨m tráº£ lá»i, chá»‰ chá»‰ tay. 1 bÃ¡t bÃºn lÃµng bÃµng cÃ³ khoáº£ng 5,6 miáº¿ng sÆ°á»n giÃ¡ 50k."
19,TrÃ¡i CÃ¢y TÃ´ The Lulu,Ngon lam
20,TrÃ  sá»¯a T.Top - Tráº§n NguyÃªn HÃ£n,"T.Top lÃ  thÆ°Æ¡ng hiá»‡u trÃ  sá»¯a ná»•i Ä‘Ã¬nh ná»•i Ä‘Ã¡m ngÃ y xÆ°a, bÃ¢y giá» thÃ¬ cÃ³ láº½ lÃ  háº¿t rá»“i vÃ¬ cÃ¡c brand khÃ¡c ra Ä‘á»i cáº¡nh tranh Ã¡c quÃ¡ lÃ m TTop bá»‹ máº¥t khÃ¡ch nhiá»u.
MÃ¬nh váº«n hay gá»i trÃ  sá»¯a Ttop cho an toÃ n, thÃªm tháº¡ch dá»«a vÃ o khoáº£ng 30K má»™t cá»‘c to, Ä‘áº§y áº¯p. Ttop thÃ¬ cho khÃ¡ nhiá»u bá»™t bÃ©o nÃªn uá»‘ng Ä‘áº­m vá»‹ sá»¯a hÆ¡n lÃ  vá»‹ trÃ , ai thÃ­ch uá»‘ng ngá»t cháº¯c cháº¯n sáº½ thÃ­ch Ttop láº¯m :))
MÃ¬nh hay gá»i vá» hÆ¡n lÃ  uá»‘ng á»Ÿ Ä‘Ã¢y, chá» nhanh láº¯m táº§m 5-10 phÃºt lÃ  cÃ³ Ä‘á»“ mang vá» rá»“i."
21,TrÃ  Long - TrÃ  TrÃ¡i CÃ¢y,TrÃ  ngon
22,TrÃ  Sá»¯a Xingfu Cha - Pháº¡m Cá»± LÆ°á»£ng,"Äáº·t smoothie oreo uá»‘ng ngon. CÃ³ Ä‘iá»u hÆ¡i ngá»t táº¹o nhÆ°ng khÃ´ng sao. Há»“ng trÃ  trÃ¢n chÃ¢u thÆ¡m, vá»«a uá»‘ng. Mong quÃ¡n sáº½ tiáº¿p tá»¥c phÃ¡t huy vÃ  bÃ¡n Ä‘áº¯t."
23,QuÃ¡n Sanh - XÆ°Æ¡ng MÃ¡ HÃ m,"2 vc mÃ¬nh Äƒn 2 xÆ°Æ¡ng mÃ¡ hÃ m, 1 Ã³c heo, 1 ná»“i gÃ¢n bÃ² um . No k thá»Ÿ dc lun. Äá»“ Äƒn ngon láº¯m, gÃ¢n bÃ² um cá»±c ngon lun, ngon nháº¥t trong cÃ¡c quÃ¡n mh Äƒn. Nháº¥t Ä‘i sáº½ quay láº¡i"
24,B3 Food - Láº©u Háº£i Sáº£n,"1 cÆ¡ sá»Ÿ má»›i: Sá»‘ 1 - NgÃµ 5 - Nguyá»…n KhÃ¡nh ToÃ n - Cáº§u Giáº¥y 
*
MÃ¬nh Ä‘i Äƒn láº©u nÆ°á»›ng á»Ÿ ráº¥t nhiá»u nÆ¡i rá»“i, B3 Food lÃ  1 trong sá»‘ nÆ¡i muá»‘n quay láº¡i.
Thá»© nháº¥t lÃ  vÃ¬ mÃ¹i vá»‹ cá»§a cÃ¡c loáº¡i láº©u á»Ÿ Ä‘Ã¢y: mÃ¬nh vÃ  cÃ¡c báº¡n Ä‘Ã£ Äƒn ráº¥t ngon miá»‡ng vÃ  hÃ i lÃ²ng. MÃ³n nÃ o cÅ©ng nhiá»u thá»‹t nhiá»u Ä‘á»“ Äƒn, máº¹t quáº¥n mÃ u sáº¯c Ä‘áº¹p máº¯t ko thá»ƒ táº£, quáº¥n vá»›i phá»Ÿ cuá»‘n rau sá»‘ng rau thÆ¡m... ngon lÃ nh. ChÃ¢n gÃ  vá»«a chua vá»«a ngá»t má»m, bÃ¹i bÃ¹i nhai Ä‘Æ°á»£c cáº£ xÆ°Æ¡ng...
Thá»© 2 lÃ  khÃ´ng gian: cÆ¡ sá»Ÿ á»Ÿ Cáº§u Giáº¥y nÃ y cÃ³ 2 táº§ng, rá»™ng rÃ£i thÃªnh thang luÃ´n, nhÃ¬n khang trang Ä‘áº¹p Ä‘áº½ chuáº©n nhÃ  hÃ ng..
Vá» phá»¥c vá»¥ cÅ©ng ko chÃª vÃ o Ä‘Ã¢u dc, chá»§ quÃ¡n lÃ  ngÆ°á»i ThÃ¡i BÃ¬nh siÃªu dá»… tÃ­nh, xÃ¬ tin xÃ¬ khÃ³i luÃ´n."
25,QuÃ¡n NÆ°á»›ng NgÃ³i LÃª Anh,"Äá»“ Äƒn náº¥u dá»Ÿ.MÃ³n láº©u cÃ¡ táº§m,cheo xÃ o sáº£ á»›t Ä‘áº¯t mÃ  náº¥u khÃ´ng ngon.Ná»“i láº©u cÃ¡ 350k mÃ  Ä‘c 4 ná»­a cá»§a khÃºc cÃ¡.Anh chá»§ quÃ¡n dáº»o miá»‡ng,tháº£o mai,nÃ³i nghe giáº£ táº¡o.MÃ¬nh má»›i Äƒn láº§n Ä‘áº§u khÃ´ng dÃ¡m Ä‘Ã¡nh giÃ¡ sÃ¢u.NhÆ°ng mÃ¬nh á»Ÿ Báº£o Lá»™c,Ä‘i ÄÃ  Láº¡t nhiá»u,sáº½ khÃ´ng cÃ³ chuyá»‡n quay láº¡i láº§n 2.VÃ  giá»›i thiá»‡u cho nhá»¯ng ngÆ°á»i quen khÃ´ng gÃ© quÃ¡n LÃª Anh dÃ¹ lÃ  láº§n Ä‘áº§u."
26,BÃ¡nh Bao ChiÃªn - Nguyá»…n TrÆ°á»ng Tá»™,"Sao mÃ¬nh tháº¥y ngon mÃ  nhá»‰ :( 

MÃ¬nh gá»i 4 bÃ¡nh bao vÃ  2 chim 1 chÃº to 1 chÃº bÃ©. BÃ¡nh bao bÃªn trong lÃ  nhÃ¢n thá»‹t trá»©ng cÃºt khi chiÃªn lÃªn vá» giÃ²n nhÆ°ng khi cáº¯n láº¡i má»m má»m dáº»o dáº»o. Thá»‹t thÆ¡m vÃ  Ä‘áº­m Ä‘Ã  cháº¥m thÃªm chÃºt máº¯m á»›t dáº§m dÆ°a chuá»™t cá»© gá»i lÃ  tuyá»‡t pháº©m :)) Ä‘áº·c biá»‡t lÃ  bÃ¡nh bao á»Ÿ Ä‘Ã¢y khi Äƒn sáº½ k bá»‹ cáº£m giÃ¡c dáº§u má»¡ Ä‘Ã¢u nÃªn Äƒn vÃ o láº¯m cháº¯c pháº£i 3 4 cÃ¡i má»›i tháº¥y ngáº¥y :)) Äáº·c biá»‡t lÃ  mÃ¬nh thÃ­ch cáº£m giÃ¡c cáº¯n bÃ¡nh bao Ä‘áº«m miá»‡ng mÃ  má»m nhÃ¢n thá»‹t vÃ  thÆ¡m mÃ¹i trá»©ng cÃºt. 
Vá» chim thÃ¬ mÃ¬nh gá»i 1 con nhá» 1 con to. Chim quay lÃ¡ mÃ³c máº­t nÃªn thÆ¡m thÆ¡m mÃ¹i lÃ¡ dá»… chá»‹u ghÃª ko bá»‹ mÃ¹i dáº§u má»¡ :)) chim dc cáº¯t ra lÃ m cÃ¡c miáº¿ng nhá». Thá»‹t cháº¯c, ko bá»‹ khÃ´ láº¯m nhÆ°ng mÃ¬nh tháº¥y cÃ¡i nÆ°á»›c cháº¥m sá»‘t á»›t gá»«ng ko liÃªn quan láº¯m nÃªn mÃ¬nh k cháº¥m :)) Má»—i láº§n thÃ¨m bÃ¡nh bao lÃ  mÃ² lÃªn Ä‘Ã¢y Äƒn lÃºc nÃ o cÅ©ng ngon háº¿t Ã¡. Chá»‹ bÃ¡n hÃ ng thÃ¬ máº·t hÆ¡i Ä‘Äƒm Ä‘Äƒm cáº£ hÆ¡i lá»¥c Ä‘á»¥c ná»™i bá»™ gia Ä‘Ã¬nh nÃªn khi Äƒn thá»‰nh thoÃ¡ng dc nghe táº¿ vÄƒn bá»• sung vá»‘n tá»« chá»­i ğŸ¤£ğŸ¤£ğŸ¤£ Cháº¥m Ä‘iá»ƒm 8,5/10 
ğŸ“BÃ¡nh bao chiÃªn - 6 Nguyá»…n TrÆ°á»ng Tá»™
ğŸ’¸ 8k/bÃ¡nh, chim to 40k, bÃ© 20k"
27,NhÃ  HÃ ng áº¨m Thá»±c Chay Dinh DÆ°á»¡ng Goodlife,"MÃ³n Äƒn ngon. Äá»“ Äƒn cÃ³ váº» Ã­t nhÆ°ng Äƒn xong tháº¥y no nÃª pháº¿t

Chá»‹ chá»§ dá»… tÃ­nh chia sáº» nhiá»u kiáº¿n thá»©c vá» thá»±c dÆ°á»¡ng

KhÃ´ng gian á»•n. Há»£p vá»›i nhá»¯ng bá»¯a cÆ¡m thÃ¢n máº­t. 

NhÃ¢n viÃªn nháº¹ nhÃ ng dá»… tÃ­nh.

CÃ³ sáºµn mÃ¡y cÆ¡ Ä‘á»ƒ chá»¥p cho khÃ¡ch luÃ´n."
28,Riki Riki - NhÃ  HÃ ng Gia ÄÃ¬nh,"Very bad food! The sashimi wasnt even fresh!
The waitress didnt knew how to explain it! The salmon sashimi was still frozen and they explained it as it is normal! It is not recommended to go there!"
29,BÃ¡nh CÄƒn 82,"Má»™t pháº§n Äƒn 25k, quÃ¡ no Ä‘áº¿n má»©c mÃ¬nh rÃ¡ng Äƒn háº¿t bÃ¡nh. No Ä‘áº¿n ngÃ¡n luÃ´n -))
NÆ°á»›c lÃ¨o bÃ©o bÃ©o. CÃ¡ khÃ´ng bá»‹ máº·n quÃ¡."
30,Don Chicken - Äá»‘ng Äa,"HÃ£y thÃ´i nÃ³i tá»›i gÃ  KFC hay Lotteria vÃ¬ gÃ  Don má»›i Ä‘Ã­ch thá»‹ lÃ  áº©m thá»±c gÃ  chÃ­nh hiá»‡u mÃ  mÃ¬nh tÃ¬m kiáº¿m bao lÃ¢u nay. â¤
Must try khi tá»›i Ä‘Ã¢y lÃ  gÃ  khÃ´ng xÆ°Æ¡ng sá»‘t phÃ´ mai, tin mÃ¬nh Ä‘i má»i ngÆ°á»i Æ¡i, mÃ³n nÃ y ngon tá»›i má»©c mÃ¬nh khÃ´ng cÃ²n má»¹ tá»« nÃ o Ä‘á»ƒ diá»…n táº£. GÃ  má»ng, tÆ°Æ¡i chá»© khÃ´ng há» bá»Ÿ , hÃ²a quyá»‡n cÃ¹ng nÆ°á»›c sá»‘t Ä‘á»™c quyá»n, phÃ´ mai bÃ©o ngáº­y phá»§ trÃªn da gÃ . Cáº¯n má»™t miáº¿ng xong lÃ  mÃ¬nh yÃªu Don Chicken luÃ´n . Nhá»¯ng mÃ³n mÃ¬nh highly recommend má»i ngÆ°á»i khi Ä‘áº¿n Ä‘Ã¢y ngoÃ i gÃ  phÃ´ mai lÃ  khoai tÃ¢y chiÃªn tÃ¹y vá»‹ yÃªu thÃ­ch, miáº¿n vÃ  cÆ¡m trá»™n. Báº¡n Ä‘á»«ng báº¥t ngá» lÃ  cá»§ cáº£i muá»‘i Äƒn kÃ¨m cÅ©ng siÃªu ngon, cháº¯c cháº¯n sáº½ pháº£i oder thÃªm. ğŸ˜‹
KhÃ´ng gian quÃ¡n bÃ i trÃ­ rá»™ng rÃ£i , thoÃ¡ng mÃ¡t, thiáº¿t káº¿ láº¥y cáº£m há»©ng tá»« nhÃ¢n váº­t Tusedo Ä‘á»™c Ä‘Ã¡o, áº¥n tÆ°á»£ng. PhÃ¹ há»£p cho báº¡n bÃ¨, gia Ä‘Ã¬nh, sinh nháº­t, há»p máº·t...
Don Chicken lÃ  thÆ°Æ¡ng hiá»‡u gÃ  Ä‘Ã¬nh Ä‘Ã¡m Ä‘áº¿n tá»« HÃ n Quá»‘c nhÆ°ng Ä‘á»«ng lo, vÃ¬ má»—i mÃ³n Äƒn á»Ÿ Ä‘Ã¢y Ä‘á»u Ä‘Æ°á»£c chÄƒm chÃºt tá»‰ má»‰ theo Ä‘Ãºng kháº©u vá»‹ ngÆ°á»i***
Let's go and try Don Chicken !!! ğŸ˜†"
31,BÃ¡nh Khá»t Miá»n ÄÃ´ng,"BÆ°á»›c vÃ o há»i chá»— ngá»“i thÃ¬ k ai ngÃ³ há»i, thÃ´i tháº¥y Ä‘Ã´ng tá»± Ä‘i kÃ­m . CÅ©ng k ai quan tÃ¢m. Tá»›i lÃºc kÃ­m Ä‘c ngá»“i xuá»‘ng cÅ©ng k há»i máº¥y dÄ©a . Tá»± kÃªu luÃ´n . KÃªu xong ngá»“i Ä‘á»£i khoáº£ng 15p r anh chá»‹ bÃ n káº¿ bÃªn nÃ³i :))) Ä‘á»£i cáº£ tiáº¿ng r chÆ°a cÃ³ :)) 5p ná»¯a xÃ¡ch Ä‘Ã­t Ä‘á»©ng dáº­y qua Ä‘á»‘i diá»‡n Äƒn cho khoáº» ."
32,SCandinavas Coffee & Tea Nha Trang,"QuÃ¡n nÆ°á»›c ngon, view Ä‘áº¹p máº·c dÃ¹ khÃ´ng gian nhá» nhÆ°ng ráº¥t thoáº£i mÃ¡i khi á»Ÿ Ä‘Ã¢y. LÃ  má»™t nÆ¡i khiáº¿n báº£n thÃ¢n giáº£m Ä‘Æ°á»£c nhá»¯ng Ã¡p lá»±c tá»« nhá»¯ng giá» há»c hay cÃ´ng viá»‡c. Chá»§ quÃ¡n thÃ¢n thiá»‡n cÃ³ thá»ƒ tÃ¢m sá»± khiáº¿n báº¡n khÃ´ng cÃ´ Ä‘Æ¡n :3. QuÃ¡n giÃ¡ cáº£ há»£p lÃ½ cho há»c sinh, sinh viÃªn."
33,Bee - Milktea & Fast Food,"ÄÆ°á»£c ngÃ y mÃ¡t giá»i Ä‘i Äƒn tá»‘i vá»›i em gÃ¡i thÃ¬ nhá»› ra cÃ³ má»™t tiá»‡m Äƒn nhá» Ä‘Æ°á»£c báº¡n giá»›i thiá»‡u lÃ  Äƒn cÅ©ng Ä‘Æ°á»£c mÃ  giÃ¡ ráº» láº¯m cÆ¡ nÃªn táº¥p Ä‘áº¿n luÃ´n :))). áº¤n tÆ°á»£ng Ä‘áº§u tiÃªn lÃ  quÃ¡n nhá» nháº¯n, xinh xáº¯n vÃ  sáº¡ch sáº½ ná»¯a nhÆ°ng chá»— Ä‘áº­u xe ráº¥t bÃ© nÃªn náº¿u Ä‘i vÃ o dá»‹p Ä‘Ã´ng thÃ¬ hong cÃ³ há»£p lÃ­ láº¯m. Em gÃ¡i vÃ  mÃ¬nh gá»i má»™t ba chá»‰ nÆ°á»›ng 49k, má»™t mÃ¬ tÆ°Æ¡ng Ä‘en 25k, má»™t láº©u budae jjigae 55k, má»™t bÃ¡nh xÃ¨o 29k vÃ  2 bÃ¬nh pepsi 19k. Ba chá»‰ nÆ°á»›ng táº©m Æ°á»›p vá»«a Äƒn cÃ³ kÃ¨m sá»‘t tÆ°Æ¡ng Ä‘áº­u khÃ¡ chuáº©n hÃ n, Ä‘á»‘i vá»›i mÃ¬nh thÃ¬ mÃ³n nÃ y ngon nháº¥t -.- MÃ¬ tÆ°Æ¡ng Ä‘en khÃ¡ khÃ´, sá»£i mÃ¬ dÃ­nh vÃ o nhau, vá»‹ khÃ´ng Ä‘á»u chá»— máº·n chá»— nháº¡t vÃ  tiá»‡m dÃ¹ng cá»ng mÃ¬ giá»‘ng mÃ¬ trá»©ng trong mÃ¬ hoÃ nh thÃ¡nh. Láº©u budae á»•n, nÆ°á»›c láº©u ngá»t vá»«a Ä‘á»§ Ä‘á»‘i vá»›i mÃ¬nh cÃ²n em gÃ¡i mÃ¬nh báº£o hÆ¡i ngá»t nhÆ°ng khÃ´ng pháº£i ngá»t nhÃ¢n táº¡o Ä‘Ã¢u nÃªn Ä‘á»«ng lo :)))) vÃ  máº·c dÃ¹ láº©u chá»‰ 55k nhÆ°ng ráº¥t cháº¥t lÆ°á»£ng, Ä‘áº§y Ä‘á»§ tÃ´m, má»±c, thá»‹t bÃ², Ä‘áº­u há»§, náº¥m, Ä‘áº·c biá»‡t lÃ  má»±c cá»±c kÃ¬ tÆ°Æ¡i vÃ¬ mÃ¬nh Äƒn vÃ o má»“m rÃµ vá»‹ ngá»t cá»§a má»±c luÃ´n áº¥y nÃªn Æ°ng cá»±c. Cuá»‘i cÃ¹ng lÃ  bÃ¡nh xÃ¨o, tháº­t sá»± mÃ³n nÃ y mÃ¬nh tháº¥t vá»ng cá»±c kÃ¬ :(((( bÃ¡nh xÃ¨o nháº¡t, Äƒn chÃ¡n máº·c dÃ¹ má»±c tÆ°Æ¡i kÃ©o láº¡i Ä‘Ã´i chÃºt nhÆ°ng Ä‘áº¿n khi háº¿t bá»¯a mÃ¬nh cÅ©ng chá»‰ cá»‘ Äƒn háº¿t má»±c chá»© Äƒn khÃ´ng ná»•i bÃ¡nh (mÃ¬nh vÃ  em Äƒn nhiá»u láº¯m nÃªn khÃ´ng pháº£i do no Ä‘Ã¢u). NhÃ¢n viÃªn nhiá»‡t tÃ¬nh, thÃ¢n thiá»‡n. Tiá»‡m sÃ¡ng sá»§a vÃ  ráº¥t dá»… tÃ¬m, gáº§n trung tÃ¢m thÃ nh phá»‘. TÃºm vÃ¡y láº¡i lÃ  Ä‘Ã¡ng Ä‘á»ƒ thá»­, gá»£i Ã½ to Ä‘Ã¹ng khi Ä‘áº¿n lÃ  ba chá»‰ nÆ°á»›ng vá»›i láº©u nha ğŸ˜˜ğŸ¥°â¤ï¸ Love ya â¤ï¸.
P/s: tá»•ng bill háº¿t 196k nhaaaaa â¤ï¸."
34,TocoToco Bubble Tea - Nguyá»…n Oanh,"LÃºc trÆ°á»›c mÃ¬nh uá»‘ng k ná»•i Toco Toco luÃ´n mÃ  bá»¯a má»›i Ä‘Æ°á»£c mua cho thá»­ uá»‘ng láº¡i thÃ¬ uá»‘ng cÅ©ng ok, k bá»‹ ""dá»™i"" nhÆ° máº¥y nÄƒm trÆ°á»›c uá»‘ngğŸ˜‚

TrÃ  sá»¯a trÃ¢n chÃ¢u hoÃ ng gia Ã­t Ä‘Æ°á»ng Ã­t Ä‘Ã¡ Ä‘i 50% uá»‘ng á»•n. CÃ²n ly trÃ  sá»¯a panda mÃ¬nh Ä‘á»ƒ lÃ¢u quÃ¡ trÃ¢n chÃ¢u thÃ nh sÆ°á»£ng cá»©ng, Ä‘Ã¡ tan uá»‘ng k cÃ²n ngon nÃªn k comment mÃ³n nÃ y.

Toco toco thÃ¬ lÃºc nÃ o cÅ©ng hay giáº£m giÃ¡."
35,Báº¿p NhÃ  Tui - BÃ¡nh GiÃ²,"Tháº¥y hot ráº§n ráº§n nÃ o lÃ  pháº£i Ä‘áº·t trÆ°á»›c nÃ o lÃ  chá» Ä‘á»£i cÃ¡c kiá»ƒu nhÆ°ng tháº­t sá»± bÃ¡nh cÅ©ng k khÃ¡c gÃ¬ so vá»›i bÃ¡nh mÃ¬nh hay mua á»Ÿ nhá»¯ng chá»• bÃ¡n bÃ¡nh bao 12k 15k cÃ¡i vá»‹ cÃ²n k ngon báº±ng,nháº¡t nháº¡t s áº¥y Ä‘Æ°á»£c cÃ¡i nhiá»u nhÃ¢n hÆ¡n thÃ´i chá»‰ cÃ³ váº­y thÃ´i Ä‘Ã³"
36,NhÃ  HÃ ng Viá»‡t Nga,"MÃ¬nh cá»±c thÃ­ch Äƒn salad Nga á»Ÿ Ä‘Ã¢y. Tuy cÃ¡c mÃ³n Nga k Ä‘a dáº¡ng láº¯m nhÆ°ng bÃ¹ láº¡i thÃ¬ cÃ¡c mÃ³n Ä‘á»u ngon. KhÃ´ng gian yÃªn tÄ©nh, mÃ¡t máº». GiÃ¡ cáº£ pháº£i chÄƒng. Gá»i Ä‘iá»‡n Ä‘áº·t trÆ°á»›c sá»‘ 064 3852597"
37,Bake Sense - Cakes & Drink,QuÃ¡n nÆ°á»›c uÃ´ng ráº¥t tuyá»‡t vá»i khÃ´ng gian yÃªn tÄ©nh . NÃ³i chung ráº¥t ráº¥t lÃ  ok . CÃ¡c báº¡n cÃ³ dá»‹p ghÃ© quÃ¡n nhÃ©.... áº¥n tÆ°á»£ng Ä‘áº§u tiÃªn lÃ  cáº£nh quÃ¡n trang trÃ­ nháº¹ nhÃ ng. CÃ¡c mÃ³n nÆ°á»›c ngon vÃ  vá»‡ sinh giÃ¡ cáº£ há»£p lÃ½ khÃ´ng cháº·t chÃ©m. CÃ³ cÃ¡c loáº¡i bÃ¡nh Äƒn nháº¹ . ÄÄƒc biá»‡t quÃ¡n náº±m trong háº»m lá»›n Ä‘Æ°á»ng rá»™ng nÃªn cÃ³ chá»— Ä‘á»ƒ cÃ¡c loáº¡i xe vÃ  xe 4../ 5 /6 cÃ¹ng Ä‘á»ƒ Ä‘Æ°á»£c nhÃ©. HÃ£y Ä‘áº¿n thÆ°á»Ÿng thá»©c vÃ  cáº£m nháº­n nhÃ© cÃ¡c báº¡n . Má»™t láº§n vÃ  nhá»› mÃ£i ....
38,Thi Thi - BÃ¡nh MÃ¬,"I ordered their Banh Mi Cha Lua with Pate; one with pate and one without. There were about 6 slices of Cha Lua the size of a Kraft cheese slice, which is quite thin. I also ordered (and was charged) 2 extra slices of Cha Lua, but received one. The ingredients were really simple (cucumber, mayo), missing the things in the pictures but tasted okay, so I'll give 2 stars."
39,KÃ¡fe Home - ÄÆ°á»ng 30 ThÃ¡ng 4,"KhÃ¡ Ä‘Ã£ thÃ¨m, nhÃ¬n khÃ´ng Ä‘áº¹p máº¯t láº¯m vÃ¬ do váº­n chuyá»ƒn, nhÆ°ng cháº¥t lÆ°á»£ng thÃ¬ khÃ¡ ok, lá»›p kem bÃ©o vÃ  thÆ¡m khÃ´ng gÃ¢y ngÃ¡n ngÆ°á»£c láº¡i cÃ²n gÃ¢y nghiá»‡n, mÃ¡t mÃ¡t, ngon ngon, giÃºp giáº£i tá»a cÃ¡i náº¯ng nÃ³ng mÃ¹a nÃ y, cÃ¡i ly cÅ©ng khÃ¡ cute! Ráº¥t Ä‘Ã¡ng mua uá»‘ng!"
40,"XÃ´i GiÃ², BÃ¡nh MÃ¬ GiÃ² - Tráº§n NguyÃªn HÃ£n","buá»•i sÃ¡ng cháº³ng biáº¿t Äƒn gÃ¬, vÃ o now dáº¡o dáº¡o tháº¥y toÃ n bÃ¡nh má»³ vá»›i xÃ´i lÃ  nhiá»u nÃªn gá»i bÃ¡nh dÃ y Äƒn cho Ä‘á»¡ ngÃ¡n
mÃ¬nh gá»i bÃ¡nh dÃ y dÃ², tháº¥y menu ghi 10k, tÆ°á»Ÿng tháº­t nghÄ© bá»¥ng sao ráº» tháº¿, Ä‘áº·t thÃªm cáº£ láº¡ng cháº£.. ai dÃ¨ Ä‘áº¿n nÆ¡i thu thÃªm tiá»n cá»§a mÃ¬nh, mÃ  ko bÃ¡o trÆ°á»›c gÃ¬ cáº£
menu thÃ¬ pháº£i cáº­p nháº­t giÃ¡ cáº£, rá»“i cÃ³ thay Ä‘á»•i pháº£i Ä‘iá»‡n bÃ¡o cho khÃ¡ch chá»© Ä‘áº¿n nÆ¡i má»›i nÃ³i thu thÃªm tiá»n thÃ¬...
giÃ² thÃ¬ cÅ©ng Äƒn nhÆ° cÃ¡c nÆ¡i khÃ¡c thÃ´i, táº¡m Ä‘c, ko quÃ¡ áº¥n tÆ°á»£ng"
41,Ding Tea - Pháº¡m Ngá»c Tháº¡ch,"LiÃªn hoan vá»›i tá»¥i há»c sinh cá»§a mÃ¬nh ğŸ˜ŠğŸ˜Š
Lá»i quÃ¡ lá»i luÃ´n. 3 cá»‘c cÃ³ 61k. TÃ­nh ra cÃ³ 20k 1 cá»‘c. ÄÆ°á»£c freeship láº¡i cÃ²n trá»« 50k vÃ o hÃ³a Ä‘Æ¡n nhá» code cá»§a Now nÃªn tháº¥y tháº­t tiá»‡n lá»£i vÃ  tháº­t ráº».
Dá»‹ch vá»¥ ship Ä‘á»“ uá»‘ng ráº¥t nhanh, Ä‘á»“ uá»‘ng cÅ©ng Ä‘Æ°á»£c chuáº©n bá»‹ Ä‘Ãºng nhÆ° theo yÃªu cáº§u cá»§a mÃ¬nh.
TrÃ  sá»¯a cá»§a Ding tea, mÃ¬nh tháº¥y tháº­t sá»± khÃ´ng cÃ³ gÃ¬ Ä‘áº·c biá»‡t nhÆ°ng láº¡i lÃ m mÃ¬nh xao xuyáº¿n Ä‘á»ƒ uá»‘ng láº¡i máº¥y láº§n láº­n. CÃ¡c vá»‹ trÃ  khÃ¡ rÃµ giÃ¡ cáº£ láº¡i pháº£i chÄƒng"
42,Báº¿p Cá»§a Ngoáº¡i - YÃªn BÃ¡i,"Äi Äƒn trÆ°a tháº¥y quÃ¡n xinh xinh nÃªn mÃ¬nh ghÃ© vÃ o, áº¥n tÆ°á»£ng Ä‘áº§u tiÃªn lÃ  quÃ¡n ráº¥t sáº¡ch sáº½ thoÃ¡ng mÃ¡t, decor ráº¥t xinh xáº¯n. 
MÃ¬nh gá»i pháº§n Äƒn 2 ngÆ°á»i, Ä‘á»“ Äƒn ra khÃ¡ nhanh. CÆ¡m canh nÃ³ng há»•i ngon miá»‡ng. GiÃ¡ cáº£ phÃ¹ há»£p vs cháº¥t lÆ°á»£ng vÃ  trÆ°a ghÃ© Ä‘Ã¢y Äƒn cÆ¡m thÃ¬ ráº¥t ngon miá»‡ng vÃ  mÃ¡t máº» nÃªn mÃ¬nh luÃ´n ghÃ© khi khÃ´ng náº¥u cÆ¡m."
43,QuÃ¡n Thuáº­n KÃ½ - CÆ¡m Viá»‡t Hoa,"Phá»¥c vá»¥ tá»‡, khÃ´ng chuyÃªn nghiá»‡p, kiá»ƒu Ä‘áº·c trÆ°ng cá»§a quÃ¡n ngÆ°á»i Hoa xÆ°a
GiÃ¡ tÃ­nh cao hÆ¡n giÃ¡ niÃªm yáº¿n.
MÃ³n rau trá»™n ko kÃªu, nhÆ°ng váº«n tÃ­nh tiá»n 15k/1dia nhá» xÃ­u
LÃ m máº¥t uy tÃ­n ngÆ°á»i hoa Nam Bá»™.
Tuy nhiÃªn kháº©u vá»‹ náº¥u Äƒn Ä‘Æ°á»£c( cháº¯c do chÃ­nh chá»§ Hka kiá»u náº¥u)"
44,ChÃ¨ BÆ°á»Ÿi 5K - Nguyá»…n VÄƒn Cá»«,"ğŸ“ vá»‹ trÃ­ cá»§a quÃ¡n náº±m ngay Ä‘áº§u háº»m liÃªn tá»• 12- 20 Ä‘Æ°á»ng nguyá»…n vÄƒn cá»« ná»‘i dÃ i, vá»«a xuá»‘ng dá»‘c cáº§u ráº¡ch ngá»—ng lÃ  tháº¥y quÃ¡n náº±m phÃ­a bÃªn tay pháº£i. 
ğŸ¡ khÃ´ng gian chá»‰ lÃ  xe Ä‘áº©y thÃ´i nÃªn chá»‰ bÃ¡n mua mang vá». Nhiá»u lÃºc ghÃ© Ä‘Ã¢y báº¡n pháº£i cháº¡y vÃ o trong quÃ¡n cafe phÃ­a trong Ä‘á»ƒ kÃªu má»›i cÃ³ ngÆ°á»i ra bÃ¡n nhÃ© vÃ¬ bÃ¡c chá»§ xe thÆ°á»ng hay ngá»“i bÃªn trong Ä‘Ã³ Ã­
ğŸ“á»Ÿ Ä‘Ã¢y chá»‰ bÃ¡n duy nháº¥t má»™t loáº¡i Ä‘Ã³ lÃ  chÃ¨ bÆ°á»Ÿi thÃ´i 
ğŸ½ğŸ§chÃ¨ má»m thÆ¡m Äƒn ok, hÆ°Æ¡ng vá»‹ trÆ°á»›c giá» khÃ´ng tháº¥y thay Ä‘á»•i tÃ­ nÃ o. ChÃ¨ Ä‘Æ°á»£c Æ°á»›p Ä‘Ã¡ sáºµn nhÆ°ng bÃ¡c chá»§ cÅ©ng cÃ³ cho thÃªm bá»c Ä‘Ã¡ nhá» cho ai muá»‘n Äƒn láº¡nh thiá»‡t láº¡nh :))
ğŸ’° giÃ¡ cáº£ Ä‘á»“ng giÃ¡ 5k má»™t ly mÃ  chÆ°a há» tÄƒng giÃ¡ láº§n nÃ o"
45,Yes Sushi - Nguyá»…n VÄƒn Linh,"MÃ¬nh Ä‘i nhÃ³m 3ng, gá»i báº¥y nhiu Ä‘á»“ Äƒn, Äƒn cÅ©ng khÃ¡ no. ThÃ­ch nháº¥t váº«n lÃ  sushi, khÃ¡ ngon mÃ  giÃ¡ cÅ©ng há»£p lÃ½, má»³ udon vÃ  cÃ¡ há»“i cÅ©ng ok"
46,Highlands Coffee - HoÃ ng Hoa ThÃ¡m VT,"LÃ  khÃ¡ch qen cá»§a Highland vÃ  chá»‰ uá»‘ng 1 mÃ³n trÃ  xanh Ä‘Ã¡ xay.
Hnay tháº¥y ly nhÆ° nÃ y vá» hÃ¬nh thá»©c tháº­t sá»± ko cháº¥p nháº­n dc. BÃ n thÃ¬ kk dá»n, ... 
tuy nhiÃªn báº¡n cashier cÃ³ upsale ctrinh má»›i."
47,Gu-i92 - Láº©u & NÆ°á»›ng HÃ n Quá»‘c - Trung HÃ²a,"Ngon láº¯m áº¡ Tá»• chá»©c sinh nháº­t á»Ÿ Ä‘Ã¢y nÃªn ráº¥t hÃ i lÃ²ng vá»›i nhÃ  hÃ ng , nhÃ¢n viÃªn nhanh nháº¹n ná»¯a ğŸ¥°"
48,QuÃ¡n Ä‚n Ngon - Tráº§n Quang Kháº£i,"1 láº§n vÃ  mÃ£i mÃ£i khÃ´ng quay trá»Ÿ láº¡i ná»¯a.
ChÃºng tÃ´i 3 ngÆ°á»i gá»i mÃ³n cháº£ cÃ¡ lÄƒng, nhÃ  hÃ ng nÃ³i chá»‰ bÃ¡n cáº£ con cÃ¡ khÃ´ng bÃ¡n riÃªng mÃ³n. ChÃºng tÃ´i Ä‘á»“ng Ã½ vÃ  há»i con cÃ¡ bao nhiÃªu, báº¡n phá»¥c vá»¥ nÃ³i con cÃ¡ 300.000 Ä‘. ChÃºng tÃ´i Ä‘á»“ng Ã½ vÃ¬ nghÄ© cháº¯c giá»‘ng nhÆ° cháº£ cÃ¡ lÄƒng trÃªn hÃ  ná»™i vá»›i Ä‘Ä©a nhá» xinh phÃ¹ há»£p cho 3 ngÆ°á»i Äƒn. 
Äáº¿n khi mÃ³n lÃªn, nhÃ  hÃ ng mang ra 1 Ä‘Ä©a cÃ¡ lá»›n vÃ  khi tÃ­nh tiá»n thÃ¬ tÃ­nh con cÃ¡ 3 kg vá»›i giÃ¡ 300.000/ kg
Táº¥t nhiÃªn chÃºng tÃ´i cÃ³ sÆ¡ xuáº¥t khi Ä‘Ã£ khÃ´ng há»i láº¡i báº¡n phá»¥c vá»¥ lÃ  con cÃ¡ bao nhiÃªu kg vÃ  há»i láº¡i Ä‘Æ¡n giÃ¡ cÃ³ láº½ do thiáº¿u kÃ­nh nghiá»‡m Ä‘i nhÃ  hÃ ng.
NhÆ°ng vá»›i tÆ° cÃ¡ch lÃ  nhÃ  hÃ ng, quÃ¡n Ä‘Ã£ quÃ¡ lá»£i dá»¥ng vÃ  khÃ´ng chuyÃªn nghiá»‡p trong chuyá»‡n nÃ y
- khÃ´ng nÃ³i rÃµ Ä‘Æ¡n giÃ¡ trÃªn kg
- Giáº£ dá»¥ nhÃ  hÃ ng khÃ´ng cÃ³ con cÃ¡ nÃ o bÃ© hÆ¡n 3kg thÃ¬ cÅ©ng nÃªn thÃ´ng bÃ¡o cho khÃ¡ch biáº¿t nhÃ  hÃ ng chá»‰ cÃ³ con 3kg Ä‘á»ƒ khÃ¡ch cÃ³ sá»± lá»±a chá»n khÃ¡c cho phÃ¹ há»£p. NhÃ  hÃ ng buá»™c chÃºng tÃ´i má»—i ngÆ°á»i Äƒn háº¿t 1kg cÃ¡ thÃ¬ quáº£ thá»±c lÃ  quÃ¡ coi thÆ°á»ng khÃ¡ch.
- NÆ°á»›c dÃ¹ng khÃ´ng ngon 

ChÃºng tÃ´i coi Ä‘Ã¢y lÃ  1 bÃ i há»c vÃ  khÃ´ng bao giá» muá»‘n quay láº¡i 1 nhÃ  hÃ ng khÃ´ng tÃ´n trá»ng khÃ¡ch nhÆ° tháº¿ nÃ y."
49,Lotteria - Háº­u Giang,"â–ªï¸Burger bÃ² Bulogi giÃ¡ bÃ¬nh thÆ°á»ng lÃ  45k má»™t cÃ¡i, nay Lotte cÃ³ chÆ°Æ¡ng trÃ¬nh khuyáº¿n mÃ£i bÃ¡nh sÃ¡ng chá»‰ 25k cÃ³ thÃªm chai nÆ°á»›c suá»‘i nhá». Máº¥y bÃ© Ä‘i há»c hay máº¥y anh chá»‹ vÄƒn phÃ²ng mua Äƒn sÃ¡ng vá»«a ngon vá»«a an toÃ n vá»‡ sinh.
â–ªï¸BÃ¡nh lÃ m bÃ¡n sÃ¡ng nÃªn vÃ o mua lÃ  cÃ³ ngay khÃ´ng pháº£i Ä‘á»£i lÃ¢u. BÃ¡nh má»›i lÃ m, cÃ²n nÃ³ng, vá»‹ thÃ¬ váº«n y nhÆ° bÃ¡nh khÃ´ng khuyáº¿n mÃ£i mÃ  giÃ¡ chá»‰ phÃ¢n ná»­a. MÃ¬nh Ä‘áº·c biá»‡t thÃ­ch bÃ² cá»§a burger nÃ y, ngon hÆ¡n cáº£ cÃ¡i Ä‘áº·c biá»‡t Big Star. Sá»‘t Bul ngá»t ngá»t láº¡ miá»‡ng."
50,Grill & Cheer - Buffet NÆ°á»›ng & Láº©u HÃ n - Nháº­t,"Ai muá»‘n thá»­ lÃ²ng kiÃªn nháº«n hÃ£y Ä‘áº¿n Ä‘Ã¢y Äƒn :))) Thá» luÃ´n áº¡, gá»i mÃ³n chá» mÃ²n má»i nhÃ¢n viÃªn khÃ´ng dá»n bÃ n Äƒn khÃ´ng Ä‘á»ƒ Ã½ khÃ¡ch. QuÃ¡n ráº¥t Ä‘Ã´ng ngÆ°á»i phá»¥c vá»¥ chá»‰ vá»n váº¹n vÃ i ngÆ°á»i ğŸ™„ 

Äá»“ Äƒn á»•n, buffet trÃªn line tá»›i trá»… thÃ¬ khÃ´ng cÃ²n gÃ¬ háº¿t nhÃ¡ nhÃ¡ :))) mÃ¬nh Ä‘áº¿n khoáº£ng 8h ğŸ˜– 

NhÃ¢n viÃªn thÃ¬ Ã´i thÃ´i, cháº¯c táº¡i Ä‘Ã´ng nÃªn Ä‘á»« Ä‘á»« hay sao áº¡, nÃ³i chuyá»‡n vá»›i khÃ¡ch máº·t khÃ´ng cÃ³ ná»•i ná»¥ cÆ°á»i cÃ²n lÃºc giá»¡n vá»›i nhau thÃ¬ tÆ°Æ¡i láº¯m luÃ´n áº¡ :) 

1 láº§n khÃ´ng cÃ³ láº§n 2 ğŸ¤£ğŸ¤£"
51,NhÃ  HÃ ng Báº¿p Viá»‡t,"Láº§n Ä‘áº§u tiÃªn Ä‘áº¿n ÄÃ  Láº¡t cÃ´ng tÃ¡c, Ä‘Æ°á»£c thÆ°á»Ÿng thá»©c mÃ³n salat vÃ´ cÃ¹ng Ä‘áº·c biá»‡t vÃ  mÃ³n láº©u hoa astiso á»Ÿ NhÃ  hÃ ng HoÃ ng Tuáº¥n lÃ m mÃ¬nh nhá»› mÃ£i.
BÃªn cáº¡nh mÃ³n Äƒn ngon vá»›i khÃ´ng gian xinh xáº¯n, áº¥p cÃºng cá»§a nhÃ  hÃ ng Ä‘Ã£ xua tan cÃ¡i láº¡nh dÆ°á»›i 10 Ä‘á»™ C á»Ÿ ÄÃ  Láº¡t. NhÃ¢n viÃªn ráº¥t chu Ä‘Ã¡o, thÃ¢n thiá»‡n, ngoÃ i viá»‡c phá»¥c vá»¥ ráº¥t nhanh chÃ³ng cÃ²n nhiá»‡t tÃ¬nh chá»¥p áº£nh cho bá»n mÃ¬nh sá»‘ng áº£o. ThÃªm ná»¯a mÃ¬nh chÆ°a tháº¥y chá»§ quÃ¡n nÃ o nhiá»‡t tÃ¬nh, dá»… thÆ°Æ¡ng nhÆ° á»Ÿ Ä‘Ã¢y, vÃ¬ chá»§ quÃ¡n cÃ²n Ä‘áº¿n táº­n bÃ n há»i thá»±c khÃ¡ch dÃ¹ng bá»¯a ngon miá»‡ng khÃ´ng?
Láº§n sau, náº¿u Ä‘Æ°a gia Ä‘Ã¬nh Ä‘áº¿n ÄÃ  Láº¡t nháº¥t Ä‘á»‹nh mÃ¬nh sáº½ dáº«n cáº£ nhÃ  Ä‘áº¿n Ä‘Ã¢y."
52,BÃ¡nh MÃ¬ NgÃ´ Äáº¿n,"QuÃ¡n má»›i má»Ÿ Ä‘Æ°á»£c khoáº£ng 1 tuáº§n nay thÃ´i. BÃ¡n cÅ©ng ráº¥t Ä‘áº¯t hÃ ng. Khu vá»±c nÃ y chá»§ yáº¿u lÃ  dÃ¢n Ä‘á»‹a phÆ°Æ¡ng biáº¿t Ä‘áº¿n nhiá»u vÃ  má»™t sá»‘ Ã­t lÃ  khÃ¡ch du lá»‹ch Ä‘áº¿n khu táº¯m bÃ¹n ThÃ¡p BÃ . QuÃ¡n chuyÃªn vá» bÃ¡nh mÃ¬ heo quay 12k/1 á»•, bÃ¡nh mÃ¬ giÃ² cháº£ thÃ¬ 10k/1 á»•. Heo quay náº¡c nhiá»u da giÃ²n ngon nha, giÃ² cháº£ cÅ©ng ráº¥t nhiá»u ngháº¹t á»• bÃ¡nh mÃ¬ luÃ´n mÃ  giÃ¡ chá»‰ cÃ³ 10k, rau cÅ©ng sáº¡ch sáº½ tÆ°Æ¡i xanh ná»¯a. Äa sá»‘ sÃ¡ng nÃ o Ä‘i lÃ m mÃ¬nh cÅ©ng hay ghÃ© lÃ m 1 á»•. Ai á»Ÿ khu vá»±c nÃ y thÃ¨m bÃ¡nh mÃ¬ nhá»› ghÃ© Äƒn thá»­ nha ngon Ä‘áº¥y áº¡ :)"
53,BÃ¡nh Cuá»‘n NÃ³ng - NgÃµ Äá»“ng TÃ¢m,"QuÃ¡n bÃ¡nh cuá»‘n nÃ y cháº¯c lÃ  Ä‘Ã£ quÃ¡ quen thuá»™c vá»›i ngÆ°á»i dÃ¢n sá»‘ng quanh Ä‘Ã¢y rÃ¹i. 2 vá»£ chá»“ng cÃ´ chÃº khÃ¡ tráº», chÃº ngá»“i trÃ¡ng bÃ¡nh phÃ­a ngoÃ i cÃ²n cÃ´ cáº¯t vÃ  bÃ¡n hÃ ng bÃªn trong. BÃ¡nh trÃ¡ng tay má»m mÃ  thÆ¡m láº¯m, khÃ´ng há» cÃ³ mÃ¹i chua tÃ­ nÃ o. ThÃ­ch cáº£ máº¯m ninh bÃ  cháº£ cáº¯t á»Ÿ Ä‘Ã¢y ná»¯a, cÃ¡i gÃ¬ cÅ©ng khÃ¡ Æ°ng :3. ÄÆ°á»£c cÃ¡i chá»— ngá»“i vÃ  Ä‘á»ƒ xe thoáº£i mÃ¡i. 15~20k/ Ä‘Ä©a giÃ¡ bÃ¡nh bÃ¨o ná»¯a. KhÃ¡ Ä‘Ã´ng khÃ¡ch táº¥p náº­p tá»« táº§m chiá»u Ä‘áº¿n táº­n tá»‘i luÃ´n"
54,CÃ´ Lan - BÃ¡nh Cuá»‘n NÃ³ng Nam Äá»‹nh,"BÃ¡nh cuá»‘n ráº¥t ngon, thá»±c Ä‘Æ¡n Ä‘a dáº¡ng, mÃ¬nh Äƒn mÃ³n bÃ¡nh cuá»‘n Ä‘áº·c biá»‡t giÃ¡ 40k ráº¥t Ä‘Ã¡ng tiá»n, vá»«a cÃ³ bÃ¡nh cuá»‘n trá»©ng, rong biá»ƒn vÃ  bÃ¡nh cuá»‘n thanh long, má»i ngÆ°á»i nÃªn thá»­. Äáº·c biá»‡t anh chá»§ siÃªu Ä‘Ã¡ng iu. Cho 10 sao luÃ´n áº¡"
55,CÆ¡m GÃ  Kim Chi - Shop Online,"CÆ¡m gÃ  kim chi vá»›i cá»§ cáº£i muá»‘i vÃ ng giÃ²n Ä‘áº·c trÆ°ng riÃªng, nÆ°á»›c sá»‘t thÃ¬ ngon kp bÃ n. Khoai láº¯c giÃ²n nÃ³ng há»•i. Nch Æ°ng nháº¥t cá»§ cáº£i vá»›i sá»‘t cá»±c Ä‘á»‰nh chá»‰ cÃ³ quÃ¡n má»›i cÃ³ nhÃ©! Sáº½ á»§ng há»™ shop dÃ i dÃ i ğŸ¤—ğŸ¤—ğŸ¤—"
56,Láº©u BÃ² Máº¯m Ruá»‘c 99,"MÃ³n Ã­t, giÃ¡ khÃ¡ cao 
Trá»i láº¡nh nÃªn mÃ¬nh ngá»“i trong nhÃ , mÃ  á»Ÿ dÆ°á»›i báº¿p thÃ¬ la oang oang cá»© nhÆ° Ä‘Ã¡nh nhau. Cáº£ Ä‘Ã¡m tranh thá»§ Äƒn nhanh rá»“i chuá»“n :("
57,Khu Du Lá»‹ch Lung Cá»™t Cáº§u,"Lá»›p mÃ¬nh Ä‘i thuÃª táº­n 35k 1bo.
ChÆ°a ká»ƒ Ä‘á»“ báº©n , phá»¥c vá»¥ ráº¥t thÃ¢n thiá»‡n tuy nhiÃªn cÆ¡ máº·t sang cháº£nh quÃ¡ nÃªn tÆ°á»Ÿng cháº£nh"
58,ChÃ¡o Bá»™t - ChÃ¡o Dinh DÆ°á»¡ng TÃ¢n Mai - Há»“ VÄƒn Thá»ƒ,"HÃ ng chÃ¡o cÃ´ HoÃ ng bÃ¡n hÆ¡n 40 nÄƒm á»Ÿ BÃ¹i ThÃ¡i rá»“i. Há»“i xÆ°a cÃ´ cÃ²n ngá»“i á»Ÿ chá»£ cÅ© gáº§n cáº§u cÆ¡. Sau nÃ y ngÆ°á»i ta má»Ÿ nhÃ  lá»“ng chá»£ lÃ  cÃ´ chuyá»ƒn vÃ o Ä‘Ã³ luÃ´n. ChÃ¡o ngon láº¯m nha má»i ngÆ°á»i, nhuyá»…n, dáº»o, thÆ¡m, beo bÃ©o. Thá»‹t má»mmmmmm ngon."
59,BÃ¡nh Cuá»‘n NÃ³ng - ChÃ¢n Cáº§u LÃ² Gá»‘m,"MÃ¬nh cÅ©ng hay Ä‘i há»c vá» qua Ä‘oáº¡n Ä‘Æ°á»ng nÃ y. Táº§m 6,7h tá»‘i tháº¥y ráº¥t Ä‘Ã´ng ngÆ°á»i. HÃ´m ná» cÅ©ng bu vÃ o xem, thÃ¬ ra lÃ  bÃ¡n bÃ¡nh cuá»‘n cá»§a má»™t cÃ´, nghe nÃ³i cÃ³ tiáº¿ng trong khu.
Má»™t há»™p chá»‰ 15k, thÃªm nhiá»u cháº£ lÃ  20k. Cá»• lÃ m cháº£ nÃªn cÃ³ bÃ¡n cháº£ ko."
60,Bingo - CÆ¡m DÆ°Æ¡ng ChÃ¢u GÃ  Xá»‘i Má»¡,"CÃ¡c***Ä‘á»«ng cÆ°á»i e nhÃ©, quÃ¡n nÃ y cÆ¡m ngon"
61,LÃ²ng NÆ°á»›ng 2 BÃ  GiÃ  - NgÃ£ 5 Coopmart NgÃ´ Quyá»n,"Dáº¡o nÃ y lÃ²ng nÆ°á»›ng hÃ¬nh nhÆ° Æ°á»›p theo cÃ¡ch khÃ¡c :(( cáº£m tháº¥y lÃ²ng khÃ´ng Ä‘Æ°á»£c ngon nhÆ° trÆ°á»›c ná»¯a nÃªn mÃ¬nh cÅ©ng hÆ¡i chÃ¡n. QuÃ¡n bÃ  giÃ¡ lÃ  quÃ¡n Ä‘áº§u tiÃªn mÃ¬nh Äƒn mÃ³n lÃ²ng nÆ°á»›ng, lÃ  quÃ¡n ngÃ y trÆ°á»›c mÃ¬nh thÆ°á»ng xuyÃªn Ä‘Ã³ng há». Phong Ä‘á»™ quÃ¡n ngÃ y cÃ ng Ä‘i xuá»‘ng, cáº£m giÃ¡c giá» lÃ²ng quÃ¡n chÃº Tuáº¥n cÃ²n ngon hÆ¡n 2 bÃ  giÃ¡ Ã½ :3 máº·c dÃ¹ bÃªn quÃ¡n chÃº tuáº¥n khÃ´ng cÃ³ nÆ°á»›c cháº¥m tháº§n thÃ¡nh nhÆ° bÃªn nÃ y nhÆ°ng hiá»‡n táº¡i cho Ä‘áº¿n thá»i Ä‘iá»ƒm nÃ y mÃ¬nh Æ°ng lÃ²ng á»Ÿ quÃ¡n chÃº tuáº¥n hÆ¡n :)) vá» giÃ¡ cáº£ thÃ¬ 2 quÃ¡n bÃ¡n nhÆ° nhau, Ä‘á»“ Äƒn bÃªn quÃ¡n chÃº Tuáº¥n Ä‘a dáº¡ng hÆ¡n. Mong 2 bÃ  giÃ  sáº½ kháº¯c phá»¥c láº¡i :(("
62,Dookki Viá»‡t Nam - Láº©u & Buffet Tokpokki - Crescent Mall,Dookki Dookki Crescent Mall
63,Ghita Cafe,QuÃ¡n cÃ³ khÃ´ng gian rá»™ng rÃ£i mÃ¡t máº». CÃ³ nhiá»u khu vá»±c khÃ¡c nhau. CÃ³ khu vui chÆ¡i tráº» em. NhÃ  vá»‡ sinh sáº¡ch sáº½. NhÃ¢n viÃªn thÃ¢n thiá»‡n nhiá»‡t tÃ¬nh.
64,HÃ  BÃ©o - Ä‚n ÄÃªm HÃ  Ná»™i Online,"ÄÃ¢y lÃ  láº§n Ä‘áº§u tiÃªn mÃ¬nh gá»i Ä‘á»“ Äƒn bÃªn nÃ y, vÃ¬ Ä‘á»c review tháº¥y toÃ n lÃ  khen. Máº¡nh dáº¡n gá»i 1 pháº§n tokbokki xÃ o háº£i sáº£n ğŸ˜ 
Äiá»ƒm cá»™ng:
- Giao nhanh ( 30p sau khi order )
- LÃºc nháº­n Ä‘Æ°á»£c, há»™p Ä‘Ã³ng gÃ³i sáº¡ch sáº½, há»™p nhá»±a lÃ³t giáº¥y báº¡c, Ä‘á»“ Äƒn cÃ²n nÃ³ng há»•i, cÃ³ Ä‘á»§ giáº¥y Æ°á»›t, Ä‘Å©a vÃ  thÃ¬a
- BÃ¡nh gáº¡o vÃ  sá»‘t nhiá»u, gia vá»‹ nÃªm náº¿m vá»«a Äƒn
Äiá»ƒm trá»«:
- Khi tháº¥y mÃ³n nÃ y trong má»¥c Ä‘á»“ Nháº­t, HÃ n thÃ¬ khÃ¡ hi vá»ng nÃ³ giá»‘ng vá»‹ tok mÃ  mÃ¬nh váº«n hay Äƒn nhÆ°ng nÃ³ khÃ¡c háº³n ğŸ˜­ nÃ³ cÃ³ vá»‹ giá»‘ng nhÆ° lÃ  mÃ¬ xÃ o, khÃ¡c lÃ  thay tok.
- LÃ  tok xÃ o háº£i sáº£n vÃ  cÃ³ giÃ¡ 60k nhÆ°ng chá»‰ cÃ³ Ä‘Ãºng 2 con tÃ´m nhá», 1 cÃ¡i Ä‘áº§u má»±c bÃ© xÃ­u vÃ  1 khoanh má»±c, cÃ²n láº¡i lÃ  cÃ¡ viÃªn thÃ¬ pháº£i ( loáº¡i xiÃªn chiÃªn bÃ¡n cá»•ng trÆ°á»ng ) vÃ  1/4 quáº£ trá»©ng, khÃ´ng cÃ³ cáº£ miáº¿ng cháº£ má»±c thÆ°á»ng tháº¥y trong tok
- VÃ´ cÃ¹ng nhiá»u tá»i vÃ  á»›t chuÃ´ng xanh Ä‘á» nÃªn khÃ´ng tháº¥y vá»‹ gÃ¬ khÃ¡c
* MÃ¬nh biáº¿t lÃ  mÃ¬nh quÃªn khÃ´ng note láº¡i nhÆ°ng cÃ³ 1 Ä‘iá»ƒm nhá» Ä‘Ã³ lÃ  hÃ´m nay lÃ  mÃ¹ng 1 mÃ  shop váº«n cho má»±c vÃ o Ä‘á»“ Äƒn thÃ¬ mÃ¬nh tháº¥y khÃ´ng nÃªn láº¯m ğŸ˜‘
* Káº¿t láº¡i: no thÃ¬ cÃ³ no nhÆ°ng vá»‹ thÃ¬ khÃ´ng há»£p kháº©u vá»‹ cá»§a mÃ¬nh. Náº¿u cÃ³ láº§n sau cháº¯c mÃ¬nh sáº½ thá»­ nhá»¯ng mÃ³n cÃ³ nhiá»u ngÆ°á»i khen."
65,GAXEO Chicken - Beer & BBQ - SC VivoCity,KhÃ´ng hÃ i lÃ²ng vá» quÃ¡n Äƒn nÃ y. Sáº½ khÃ´ng quay trá»Ÿ láº¡i vÃ¬ tháº¥y thÃ¡i Ä‘á»™ nhÃ¢n viÃªn khÃ´ng hÃ i lÃ²ng Ä‘Æ°á»£c. Chá»§ nhÃ  hÃ ng nÃªn xem láº¡i náº¿u khÃ´ng muá»‘n bá»‹ Ä‘Ã³ng cá»­a sá»›m
66,Min Chef - TrÃ  Sá»¯a - Máº­u ThÃ¢n,"Äáº·t hÃ ng trÃªn now.vn lÃºc 9h15, giao hÃ ng lÃºc 9h35
MÃ¬nh yÃªu cáº§u khÃ´ng Ä‘á»ƒ topping vÃ  Ä‘Ã¡: trÃ  sá»¯a matcha Ä‘Æ°á»£c khoáº£ng 180ml
Bá» thÃªm topping thÃ¬ Ä‘Æ°á»£c khoáº£ng 335ml"
67,BÃ  Ba - BÃºn RiÃªu Cua,"BÃºn riÃªu 20k cÃ³ cháº£ cÃ¡ ngon, Ã­t dáº§u má»¡ nÃªn khÃ´ng ngÃ¡n, nhÃ¬n tÃ´ váº­y chá»© Äƒn no cÄƒng. Sáº¡ch sáº½, chá»§ quÃ¡n thÃ¢n thiá»‡n. MÃ¬nh ghÃ© buá»•i sÃ¡ng 7h kÃ©m váº¯ng khÃ¡ch ngá»“i thoáº£i mÃ¡i. Sáº½ quay láº¡i ğŸ˜Š"
68,Black Pearl Bar - Ngá»c Trai Äen,"Bar ráº¥t Ä‘Ã´ng vui, menu Ä‘a dáº¡ng, ca sá»¹ ráº¥t sung vag hÃ¡t tá»‘t cÃ³ Anh cÃ³ Viá»‡t, ban nháº¡c vÃ  Dj thay phiÃªn nhau khuáº¥y Ä‘á»™ng khÃ¡ch, hÃ¡t theo yÃªu cáº§u vÃ  cÃ³ cho khÃ¡ch hÃ¡t ná»¯a. MÃ¬nh tháº¥y cÃ³ 1 nam vÃ  4 ná»¯ ca sÄ©, má»—i ngÆ°á»i 1 style riá»g ráº¥t cháº¥t. Phá»¥c vá»¥ nhanh nháº¹n táº­n tÃ¬nh vui váº», Ä‘i xáº£ stress tá»‘t ^^"
69,BÃ² King - BÃ­t Táº¿t & Hamburger,"HÃ´m nay mÃ¬nh vÃ  báº¡n vÃ´ tÃ¬nh Ä‘áº¿n quÃ¡n Äƒn vÃ o buá»•i tá»‘i vÃ  cÃ³ gá»i 2 suáº¥t bÃ² bÃ­t táº¿t viá»‡t Äƒn thá»­ vÃ  cÃ³ chÃºt cáº£m nháº­n nhÆ° sau: 
- Äá»‹a Ä‘iá»ƒm quÃ¡n: Náº±m á»Ÿ vá»‹ trÃ­ khÃ¡ Ä‘áº¹p, dá»… tÃ¬m nhÆ°ng quÃ¡n hÆ¡i bÃ© vÃ  váº¯ng khÃ¡ch.
- Phong cÃ¡ch phá»¥c vá»¥: ChÆ°a tá»‘t, thÃ¡i Ä‘á»™ nhÃ¢n viÃªn thiáº¿u niá»m ná»Ÿ
- Äá»“ Äƒn: Thá»‹t bÃ² Ä‘áº§y Ä‘áº·n, nÆ°á»›c sá»‘t vá»«a miá»‡ng, bÃ¡nh má»³ giÃ²n ngon.
- GiÃ¡ cáº£: HÆ¡i cao so vá»›i máº·t báº±ng chung
Tá»•ng káº¿t: 6/10"
70,LÃ¢m Kiá»u Cafe,"QuÃ¡n cafe náº±m ngay trung tÃ¢m thuáº­n tiá»‡n Ä‘i láº¡i! Cafe khÃ¡ ngon, khÃ´ng gian sÃ¢n vÆ°á»n nhÆ°ng ko Ä‘áº·c sáº¯c, cÃ³ phÃ²ng trÃ  nhÆ°ng bÃ n gháº¿ cÅ©! NhÃ¢n viÃªn á»•n"
71,Ngá»c Háº±ng - Bia HÆ¡i HÃ  Ná»™i,"QuÃ¡n bia hÆ¡i luÃ´n luÃ´n Ä‘Ã´ng Ä‘Ãºc vÃ o buá»•i trÆ°a láº«n buá»•i tá»‘i!
HÃ´m bá»¯a qua Ä‘Ã¢y nháº­u cÃ¹ng máº¥y báº¡n buá»•i trÆ°a, qua cÅ©ng hÆ¡i quÃ¡ giá» Äƒn xÃ­u mÃ  váº«n Ä‘Ã´ng Æ¡i Ä‘Ã´ng! Tháº¿ lÃ  chui táº­n sÃ¢u gÃ¡c hai ngá»“i gÃ³c nhá» xÃ­u Ä‘á»ƒ uá»‘ng.
Bia vá»›i Ä‘á»“ Äƒn Ä‘Ã¢y Æ°u Ä‘iá»ƒm lÃ  ngon mÃ  giÃ¡ má»m, Ä‘i 6 ngÆ°á»i cáº£ Äƒn cáº£ uá»‘ng cÃ³ táº§m 300k. Ã€ nhÆ°ng mÃ¬nh Äƒn máº¥y mÃ³n Ä‘Æ¡n giáº£n chá»© khÃ´ng gá»i nhiá»u mÃ³n Ä‘áº·c biá»‡t. 
Chá»— nÃ y mÃ¬nh Ä‘áº¿n cÃ¹ng báº¡n thÃ´i chá»© khÃ´ng khoÃ¡i khÃ´ng gian láº¯m, hÆ¡i á»“n Ã o vá»›i mÃ¹i khÃ³i thuá»‘c ^^. ÄÆ°á»£c cÃ¡i máº¥y anh nhÃ¢n viÃªn hay pháº¿t, cÆ¡ mÃ  Ä‘Ã´ng nÃªn chá» Ä‘á»“ cÅ©ng lÃ¢u, má»“i háº¿t máº¥y cá»‘c bia má»›i cÃ³ Ä‘á»“ Äƒn Ã  :v"
72,Cacao Æ i - Cá»­a Tiá»‡m SÃ´.CÃ´.La - Phan Bá»™i ChÃ¢u,Kem vÃ  cacao ngon láº¯m
73,Äan Nhi - BÃºn Cháº£ CÃ¡ Quy NhÆ¡n,"Cháº£ ram tÃ´m Ä‘áº¥t chiÃªn sáºµn 50k/pháº§n kÃ¨m rau, nÆ°á»›c cháº¥m Ä‘áº§y Ä‘á»§"
74,Kiseki - Láº©u NÆ°á»›ng Tá»± Chá»n - LÃª Lai,"QuÃ¡n láº©u Kiseki á»Ÿ Ä‘Æ°á»ng LÃª Lai, tá»« quÃ¡n rau mÃ¡ Ä‘áº­u báº¡n cháº¡y vÃ´ chÃºt xÃ­u sáº½ nhÃ¬n tháº¥y. BÃªn ngoÃ i nhÃ¬n quÃ¡n hÆ¡i Ã¢m u khÃ´ng máº¥y áº¥n tÆ°á»£ng nhÆ°ng vÃ o bÃªn trong thÃ¬ cÅ©ng khÃ¡ Ä‘áº¹p, nháº¥t lÃ  Ä‘Æ°á»ng Ä‘i lÃªn quÃ¡n, Ä‘Æ°á»£c trang trÃ­ báº±ng cÃ¢y xanh giáº£ nhÆ°ng nhÃ¬n mÃ¡t máº» vÃ  sÃ¡ng sá»§a láº¯m. KhÃ´ng gian quÃ¡n rá»™ng, cÃ³ nhiá»u dÃ£y bÃ n, Äƒn láº©u trong phÃ²ng mÃ¡y láº¡nh nÃªn cÅ©ng mÃ¡t máº» chá»© khÃ´ng bá»‹ ngá»™p. Vá» mÃ³n láº©u thÃ¬ mÃ¬nh tháº¥y táº¡m Ä‘Æ°á»£c, khÃ´ng Ä‘áº·c biá»‡t láº¯m. Má»i thá»© ngoÃ i mÃ³n báº¡n gá»i ban Ä‘áº§u Ä‘á»u pháº£i tÃ­nh tiá»n thÃªm, cÃ¡i nÃ y thÃ¬ mÃ¬nh ok nhÆ°ng nÆ°á»›c láº©u xin thÃªm cÅ©ng bá»‹ tÃ­nh tiá»n thÃ¬ mÃ¬nh khÃ´ng Æ°ng láº¯m."
75,Láº©u BÃ² 69 - LÃª Há»“ng Phong,"âœ¨Woahhh Ä‘Æ°á»£c dá»‹p ra VÅ©ng TÃ u tháº¥y cÃ³ quÃ¡n láº©u bÃ² khÃ¡ ná»•i tiáº¿ng nÃ y nÃ¨. CÃ³ 2 chi nhÃ¡nh láº­n, Ä‘Ã¢y lÃ  chi nhÃ¡nh 2 LÃª Há»“ng Phong. á» Ä‘Ã¢y 10h sÃ¡ng má»›i hoáº¡t Ä‘á»™ng nha. HÃ´m mÃ¬nh Ä‘i kÃªu 1 pháº§n Háº¥p nhá» lÃ  60k, 2 pháº§n mÃ¬ gÃ³i lÃ  8k, náº¡m nhá» 60k, Láº©u vá»«a 150. BÃ² má»m Ä‘Ãºng chuáº©n luÃ´n, Äƒn vá»«a miá»‡ng. Ã€ táº¡i mÃ¬nh ko thÃ­ch Äƒn hÃ nh vá»›i gá»«ng nÃªn lÃ¢u lÃ¢u cá»© pháº£i gáº¯p ra hÆ¡i khÃ³ chá»‹u thÃ´i chá»© Äƒn á»Ÿ Ä‘Ã¢y tháº¥y á»•n nha. GiÃ¡ nhÆ° váº§y cÅ©ng Ä‘Æ°á»£c rá»“i Ã¡. KÃªu thÃªm máº¥y chai Tiger gÃ­a 15k/chai. NhÃ¢n viÃªn nhanh nháº¹n phá»¥c vá»¥ tá»‘t. MÃ¬nh Ä‘i buá»•i tá»‘i máº·c dÃ¹ khÃ¡ Ä‘Ã´ng khÃ¡ch nhÆ°ng nhÃ¢n viÃªn váº«n lÃ m nhanh láº¯m

ğŸ‘‰Follow IG @myanhnguyenthi Ä‘á»ƒ xem thÃªm nhiá»u review cÃ¡c Ä‘á»‹a Ä‘iá»ƒm Äƒn uá»‘ng táº¡i Vietban nha ğŸ“"
76,QuÃ¡n Nháº­u Tá»›i Báº¿n - CÃ¡c MÃ³n NÆ°á»›ng VÃ  Láº©u,"QuÃ¡n Bia Sá»‡t -Tá»›i Báº¿n Nha Trang lÃ m Ä‘á»“ Äƒn ngon, Ä‘áº­m Ä‘Ã , cÃ³ thá»ƒ giao tiáº¿p trá»±c tiáº¿p vá»›i Ä‘áº§u báº¿p náº¿u thÃ­ch mÃ³n Äƒn lÃ m theo Ã½ thÃ­ch cá»§a riÃªng mÃ¬nh, Ä‘á»“ Äƒn ra cÅ©ng ráº¥t nhanh, phá»¥c vá»¥ thÃ¬ cÅ©ng bÃ¬nh thÆ°á»ng khÃ´ng áº¥n tÆ°á»£ng láº¯m, quÃ¡n Äƒn mÃ , Ä‘Ã¢u pháº£i 5 sao 6 sao gÃ¬ Ä‘Ã¢u mÃ  phÃ n nÃ n, tuy nhiÃªn nÃ³i chi tiáº¿t Ä‘á»ƒ ai muá»‘n tÃ¬m Ä‘á»‹a Ä‘iá»ƒm Äƒn uá»‘ng, nháº­u nháº¹t khi ra Nha Trang thÃ¬ Ä‘áº¿n Bia Sá»‡t -Tá»›i Báº¿n Nha Trang chÆ¡i, ngáº¯m Ä‘Æ°á»ng xÃ¡ xe cháº¡y thÃ¬ khÃ´ng cÃ²n gÃ¬ báº±ng. nháº­u nháº­u bÃ¬nh dÃ¢n hÃ i sáº£n tÆ°Æ¡i sá»‘ng Nha Trang Bia Sá»‡t Tá»›i Báº¿n Bia Sá»‡t Nha Trang Bia Sá»‡t Tá»›i Báº¿n Nha Trang"
77,Skylight Nha Trang,"TÃ²a nhÃ  cÃ³ vá»‹ trÃ­ nhÃ¬n ngáº¯m thÃ nh phá»‘ NT vá» Ä‘Ãªm ráº¥t Ä‘áº¹p, khÃ´ng gian trang trÃ­ sáº¡ch sáº½, sang trá»ng, thoÃ¡ng mÃ¡t, hiá»‡n Ä‘áº¡i. Thá»© 3 cÃ³ chÆ°Æ¡ng trÃ¬nh free cho ná»¯. NhÃ¢n viÃªn hÆ°á»›ng dáº«n táº­n tÃ¬nh, dá»… chá»‹u, dá»… thÆ°Æ¡ng. NÆ°á»›c uá»‘ng, Ã¢m nháº¡c táº¡m Ä‘Æ°á»£c k xuáº¥t sáº¯c láº¯m."
78,GÃ³c Ä‚n Váº·t 177 - Chu Máº¡nh Trinh,"MÃ¬nh má»›i Ä‘áº¿n Ä‘Ã¢y 2 láº§n, muá»‘n Äƒn thá»­ bÃ¡nh cÄƒn nhÆ°ng chÆ°a láº§n nÃ o Äƒn Ä‘Æ°á»£c. QuÃ¡n hÆ¡i nhá» vá»›i nÃ³ng, thá»±c Ä‘Æ¡n nhiá»u mÃ³n, giÃ¡ vá»«a pháº£i. BÃ¡nh trÃ¡ng nÆ°á»›ng khÃ´ng ngon, trÃ  Ä‘Ã o nháº¡t toÃ n nÆ°á»›c Ä‘Ã¡. Mochi nÆ°á»›c Äƒn cÅ©ng ngon, hay hay, nÃªn thá»­. ÄÆ°á»£c cÃ¡i anh chá»‹ chá»§ quÃ¡n thÃ¢n thiá»‡n, vui váº»."
79,Salsa Express - Vincom Center ÄÃ  Náºµng,"QuÃ¡n cÃ³ view khÃ¡ dá»… thÆ°Æ¡ng,tÃ´ng há»“ng chá»¥p hÃ¬nh ráº¥t ok.kem á»Ÿ Ä‘Ã¢y khÃ¡ ngon,cÃ³ cÃ¡i bÃ¡nh gáº¡o cay gia vá»‹ Ä‘Æ¡n giáº£n nhÆ°ng Ä‘Ãºng vá»‹ hÃ n,bÃ¡nh gáº¡o láº¯c phÃ´ mai cÅ©ng khÃ¡ ngon.sáº½ ghÃ© dÃ i dÃ i ğŸ‘"
80,Ramyon Sarang - MÃ¬ Cay HÃ n Quá»‘c,QuÃ¡ ngon !!! Ä‚n tá»« lÃºc quÃ¡n á»Ÿ chá»— cÅ© Ä‘áº¿n chá»— má»›i ğŸ¤¤ lÃºc Ä‘áº§u tháº¥y k bÃ¡n chá»— Ä‘Ã³ ná»¯a tÆ°á»Ÿng nghÄ© ai ngá» Ä‘i ngang tháº¥y Ä‘á»•i Ä‘á»‹a chá»‰ lÃ  váº«n bÃ¡n mÃ  má»«ng gÃ¬ Ä‘Ã¢uuu ğŸ¤£
81,HÃ  ÄÃ´ - BÃºn ThÃ¡i Háº£i Sáº£n - ÄÆ°á»ng Sá»‘ 4,"BÃºn thÃ¡i háº£i sáº£n , vá»‹ ko khÃ¡c j láº©u thÃ¡i bÃ¡n ngoÃ i quÃ¡n , mÃ¬nh tháº¥y bÃ¡n tá»«ng pháº§n váº­y tiá»‡n hÆ¡n Äƒn láº©u nhÃ¬u láº¯m lun , giÃ¡ cáº£ cháº¥t lÆ°á»£ng mÃ³n cÅ©ng há»£p lÃ­ ná»¯a , lÃ¢u lÃ¢u thÃ¨m vá»‹ láº©u Äƒn mÃ³n nÃ y cÅ©ng dc"
82,Uchi Sushi,"Qua lá»i báº¡n bÃ¨ giá»›i thiá»‡u mÃ¬nh cÃ³ Ä‘áº¿n Uchi Äƒn thá»­
Äáº§u tiÃªn lÃ  Ä‘Æ°á»ng Ä‘áº¿n thÃ¬ Uchi lÃ  má»™t quÃ¡n Äƒn khÃ¡ nhá» trÃªn con Ä‘Æ°á»ng 45 cáº¯t vá»›i Ä‘Æ°á»ng 41, chá»— cf cá»§a Linh Ngá»c ÄÃ m
KhÃ¡ thÃº vá»‹ lÃ  nhÃ  hÃ ng tuy nhá» nhÆ°ng láº¡i cÃ³ khÃ´ng gian áº¥m cÃºng khÃ¡ phÃ¹ há»£p vá»›i nhÃ³m 2-4 ngÆ°á»i
MÃ³n Äƒn ngon, mÃ¬nh Ä‘i 2 ngÆ°á»i order Äƒn o luÃ´n chá»‰ 300 máº¥y tÃ­nh ra 1 Ä‘áº§u ngÆ°á»i khoáº£ng 200k thÃ´i nhÆ°ng cháº¥t lÆ°á»£ng, chuáº©n vá»‹
CÃ¡c báº¡n phá»¥c vá»¥ cÅ©ng ráº¥t nhiá»‡t tÃ¬nh, lÃºc mÃ¬nh Ä‘áº¿n thÃ¬ cÃ³ mÆ°a vÃ  vá»«a bÆ°á»›c vÃ o cá»­a thÃ¬ cÃ¡c báº¡n Ä‘Ã£ Ä‘áº¿n Ä‘Æ°a mÃ¬nh khÄƒn giáº¥y Ä‘á»ƒ lau
Sáº½ quay láº¡i"
83,Ngá»c Ãnh - BÃºn & BÃ¡nh GiÃ²,"Ä‚n á»Ÿ Ä‘Ã¢y tá»« bÃ© Ã²i, quÃ¡n pháº£i cÃ³ lá»‹ch sá»­ hÆ¡n chá»¥c chá»¥c nÄƒm rá»“i áº¥y.
Há»“i xÆ°a ngon hÆ¡n nhiá»uuu, nhÆ°ng bÃ¢y giá» cÅ©ng váº«n ngon :((.
NÆ°á»›c máº¯m Ä‘áº­m Ä‘Ã , ngon dÃ£ man luÃ´n Ã½.
á» Ä‘Ã¢y cÃ³ thá»‹t miáº¿ng, thá»‹t bÄƒm vÃ  nem. Muá»‘n Äƒn thá»‹t miáº¿ng thÃ¬ pháº£i ra sá»›m vÃ¬ thá»‹t miáº¿ng Ä‘áº¯t hÃ ng cá»±c Ã½ :((.
HÃ´m Ä‘áº¥y mÃ¬nh ra muá»™n nÃªn pháº£i Äƒn thá»‹t bÄƒm, nhÆ°ng cÅ©ng váº«n ngon.
CÃ³ cÃ´ ngá»“i bÃªn cáº¡nh háº¿t thá»‹t bÄƒm mÃ  cá»© ngÃºng nguáº©y Ä‘Ã²i thá»‹t miáº¿ng mÃ  chá»§ quÃ¡n khÃ´ng cÃ³, khá»•! :((
LÃºc nÃ o thÃ¨m bÃºn cháº£ mÃ¬nh cÅ©ng chá»‰ nghÄ© Ä‘áº¿n quÃ¡n nÃ¨ Ä‘áº§u tiÃªn thui"
84,Opalus Cafe,"MÃ³n mÃ¬nh order lÃ  Xay sá»¯a dá»«a trÃ  xanh matcha. Vá»‹ cá»§a mÃ³n nÃ y hÃ i hoÃ , khÃ¡ á»•n. CÃ³ vá»‹ hÆ¡i Ä‘áº¯ng vÃ  thÆ¡m cá»§a trÃ  xanh, vá»‹ dá»«a bÃ©o bÃ©o vÃ  vá»‹ thÆ¡m cá»§a sá»¯a ná»¯a. MÃ³n nÃ y trang trÃ­ cÅ©ng khÃ¡ Ä‘áº¹p, mÃ  vÃ¬ ship vá» nÃªn nhÃ¬n trong lÃ½ nhá»±a khÃ´ng rÃµ láº¯m. Ly nÆ°á»›c chia ra 2 lá»›p, dÆ°á»›i cÃ¹ng lÃ  má»™t lá»›p má»ng mÃ u xanh nháº¡t cá»§a trÃ  xanh, bÃªn trÃªn lÃ  mÃ u tráº¯ng cá»§a dá»«a xay vá»›i sá»¯a Ä‘áº·c, trÃªn cÃ¹ng cÃ³ ráº¯t dá»«a khÃ´."
85,BÃ¡nh XÃ¨o Ngá»c NgÃ¢n,"Cáº£ nhÃ  mÃ¬nh ráº¥t thÃ­ch láº¡i quÃ¡n nÃ y Äƒn vÃ¬ 3 mÃ³n: bÃ¡nh xÃ¨o, bÃ¡nh chÃ¨ nÆ°á»›ng vÃ  chÃ¡o sÃ² huyáº¿t. HÃ´m trÆ°á»›c sau khi Äƒn cÆ¡m xong rá»“i máº¹ láº¡i muá»‘n Äƒn chÃ¡o sÃ² nÃªn cáº£ nhÃ  láº¡i Ä‘Ã¢y Äƒn. Ná»“i chÃ¡o á»Ÿ Ä‘Ã¢y lÃ m hao hao ná»“i láº©u, cÃ³ nhiá»u rau láº¯m, cÃ³ bÃ´ng bÃ­ ná»¯a. SÃ² huyáº¿t thÃ¬ Ä‘á»ƒ riÃªng nÃªn ai thÃ­ch Äƒn sá»‘ng Äƒn tÃ¡i Äƒn chÃ­n gÃ¬ cÅ©ng dá»… lÃ m. NhÃ  mÃ¬nh Äƒn cÃ¡i láº©u nhá» nháº¥t, 150k, 3 ngÆ°á»i Äƒn khÃ¡ no, tÃ­nh ra khÃ´ng máº¯c láº¯m. KhÃ´ng gian quÃ¡n rá»™ng, phá»¥c vá»¥ ok, Ä‘á»“ Äƒn cÅ©ng ra nhanh ná»¯a."
86,CÃ´ BÃ© QuÃ¡n - RÄƒng Má»±c & TÃ´m NÆ°á»›ng,"RÄƒng má»±c á»Ÿ Ä‘Ã¢y ngon , Ä‘á»“ chua tháº¥m vá»‹ , bÃ  chá»§ thÃ¢n thiá»‡n, má»—i láº§n mÃ¬nh hay mua 100-120k Äƒn thiá»‡t lÃ  Ä‘Ã£ ."
87,Highlands Coffee - Citadine Nha Trang,"QuÃ¡n siÃªu Ä‘Ã´ng khÃ¡ch luÃ´n, kÃ­n háº¿t bÃ n. GiÃ¡ cáº£ vÃ  cháº¥t lÆ°á»£ng nÆ°á»›c thÃ¬ cÅ©ng nhÆ° á»Ÿ cÃ¡c quÃ¡n khÃ¡c cÃ¹ng há»‡ thá»‘ng."
88,Quá»‘c Sang - XÃ´i & BÃ¡nh MÃ¬ - LÃª Lai,"Má»—i láº§n vá» vt lÃ  Äƒn xÃ´i nÃ y
Há»™p 15k mÃ¬nh tháº¥y khÃ¡ nhiá»u Ä‘á»“ Äƒn vÃ  vá»‹ Ä‘áº­m Ä‘Ã  hÆ¡n nhá»¯ng chá»— khÃ¡c. Ko pháº£i xáº¿p hÃ ng chá» Ä‘á»£i
NhÃ¬n chung lÃ  á»•n. BÃ¡nh mÃ¬ cÅ©ng ok"
89,Phá»Ÿ Há»¯u,"Cháº¯c lÃ  Ä‘Ã´ng khÃ¡ch rá»“i nÃªn cÃ³ váº» coi thÆ°á»ng khÃ¡ch quÃ¡. MÃ¬nh Äƒn á»Ÿ quÃ¡n cÅ©ng 3-4 nÄƒm rá»“i nhÆ°ng chá»§ yáº¿u lÃ  order vá». Ä‚n táº¡i quÃ¡n thÃ¬ mÃ¬nh váº«n lÃ¢u lÃ¢u Ä‘i 1m, tháº¥y thÃ¡i Ä‘á»™ vÃ  cháº¥t lÆ°á»£ng cÅ©ng k Ä‘áº¿n má»©c pháº£i phÃ n nÃ n. 
NhÆ°ng qua 1 thá»i gian k Äƒn, nay ghÃ© quÃ¡n mua vá» thÃ¬ thÃ´i chÃ¡n háº³n. Nv (toÃ n nam) cáº¯m máº·t vÃ o Ä‘t, k thÃ¨m Ä‘á»ƒ Ã½ khÃ¡ch Ä‘áº¿n. Ok thoi cÅ©ng k sao cháº¯c do sÆ¡ Ã½, tháº¿ lÃ  mÃ¬nh báº¯t Ä‘áº§u gá»i nv ngá»“i gáº§n mÃ¬nh nháº¥t (cÃ¡ch 1m), gá»i 5 láº§n mÃ  nv KHÃ”NG THÃˆM NHÃŒN Máº¶T MÃŒNH LUÃ”N :)) 
Xong tÃ­nh Ä‘i vá» thÃ¬ cÃ³ nv á»Ÿ trong quay láº¡i tháº¥y mÃ¬nh thÃ¬ Ä‘á»©ng dáº­y ra há»i mÃ¬nh Äƒn gÃ¬. MÃ¬nh Ä‘ang gá»i mÃ³n thÃ¬ nv há»“i nÃ£y lÆ¡ mÃ¬nh Ä‘á»©ng dáº­y ra Ä‘á»©ng báº¿p lÃ m... Ã” váº­y lÃ  khÃ´ng Ä‘iáº¿c mÃ  cháº³ng qua khÃ´ng thÃ¨m tiáº¿p chuyá»‡n mÃ¬nh thÃ´i :)) Lá»¡ rá»“i thoi mÃ¬nh cÅ©ng mua ná»‘t láº§n nÃ y, cÅ©ng gÃ³p Ã½ vá»›i ng thu tiá»n (cháº¯c lÃ  chá»§) cá»© nhÆ° váº­y máº¥t khÃ¡ch Ä‘Ã³. MÃ  gÃ³p Ã½ váº­y thoi chá»© cÃ³ váº» tháº¥y cÅ©ng chá»§ nÃ o tá»› náº¥y.
Thá»i Ä‘áº¡i hÃ ng quÃ¡n cáº¡nh tranh ntn thÃ¬ thoi mÃ¬nh lÆ°á»£n nháº¹ sang cÃ¡c quÃ¡n lá»‹ch sá»± hÆ¡n váº­y."
90,KOI ThÃ© - NgÃ´ Äá»©c Káº¿,"Macchiato cá»§a Koi lun lun lÃ  the best ğŸ˜ğŸ˜ğŸ˜ kem bÃ©o bÃ©o ngá»t ngá»t k Ä‘Ã¢u láº«n Ä‘c , uá»‘ng khÃ´ng cáº©n tháº­n lÃ  ghiá»n máº¥t ğŸ˜­ğŸ˜­ğŸ˜­
Má»—i Ä‘iá»ƒm trá»« lÃ  giÃ¡ hÆ¡i máº¯c nhÆ°ng cÃ¡i ly láº¡i ráº¥t nhá» so vá»›i máº·t báº±ng chung cá»§a cÃ¡c hÃ£ng lá»›n . CÃ¡c báº¡n cÃ³ biáº¿t chá»— nÃ o bÃ¡n macchiato vá»‹ giá»‘ng Koi k chá»© má»—i láº§n mua lÃ  xÃ³t vÃ­ láº¯m ğŸ˜¢ğŸ˜¢ğŸ˜¢ğŸ˜¢
TrÃ¢n chÃ¢u hoÃ ng kim cÅ©ng ngon láº¯mmmmmmmmm luÃ´n Ã¡ , ly nhá» thÃªm tc 5k ly lá»›n thÃªm tc lÃ  7k"
91,No.77 - BÃ¡nh Há»i LÃ²ng Heo - Äáº·ng VÅ© Há»·,"MÃ¬nh Ä‘i Äƒn hai ngÆ°á»i gá»i má»™t pháº§n bÃ¡nh há»i lÃ²ng heo 50k vÃ  bÃ¡nh há»i ba chá»‰ giÃ²n da 40k nhÆ° hÃ¬nh.
BÃ¡nh há»i lÃ²ng heo cho ráº¥t nhiá»u lÃ²ng, hÆ¡i Ã­t bÃ¡nh há»i, nÆ°á»›c cháº¥m vá»«a miá»‡ng.
KhÃ´ng gian thoÃ¡ng nhÆ°ng hÆ¡i tá»‘i. BÃ n gháº¿ sáº¡ch sáº½ lá»‹ch sá»±.
Chá»‹ chá»§ vÃ  nhÃ¢n viÃªn thÃ¢n thiá»‡n nhiá»‡t tÃ¬nh!
Sáº½ quay láº¡i láº§n ná»¯a ğŸ¤—"
92,CÆ¡m Ngon Máº¹ Náº¥u - Cáº§u Diá»…n,"ChÆ°a Äƒn láº§n nÃ o nhÆ°ng tháº¥y review nhiá»u nÃªn Ä‘áº·t thá»­. k háº£o chÃ¢n gÃ  láº¯m nhÆ°ng Äƒn tháº¥y ngon, rá»§ ba Äƒn thá»­ ba cÅ©ng khen ngon. ChÃ¢n gÃ  vá»«a, khÃ´ng quÃ¡ to, mÃ¬nh thÃ­ch chÃ¢n gÃ  nhá» vá»«a, loáº¡i to quÃ¡ Äƒn khÃ´ng ngon. ChÃ¢n gÃ  giÃ²n giÃ²n chua ngá»t, tháº¥m thá»‹t Ä‘áº­m Ä‘Ã . GiÃ¡ á»Ÿ Ä‘Ã¢y khÃ¡ ráº» vÃ¬ 1 tÃºi chÃ¢n gÃ  mÃ  2 cha con Äƒn quÃ¡ trá»i luÃ´n. Náº¿u cÃ³ Äƒn chÃ¢n gÃ  mÃ¬nh sáº½ láº¡i tiáº¿p tá»¥c á»§ng há»™ quÃ¡n nÃ y"
93,XÃ´i NÃ³ng & BÃ¡nh MÃ¬ Pate - La ThÃ nh,QuÃ¡n bÃ¡n cáº£ Ä‘Ãªm. CÅ©ng ráº». Chá»— nÃ y 20k. HÆ°ng báº£o bÃ¡n 6h tá»‘i cho Ä‘áº¿n sÃ¡ng. CÃ³ nhiá»u chá»— lÃ  thá»‹t má»¡ Äƒn ngáº¥y. Vá»‹ bt.
94,Phá»Ÿ ThÃ¬n - Pasteur,"ThÆ°Æ¡ng hiá»‡u phá»Ÿ ThÃ¬n trÃ²n vá»‹ giá»¯a lÃ²ng ÄÃ  Náºµng
Cáº£m nháº­n cá»§a em lÃ  nÆ°á»›c dÃ¹ng bÃ©o ngáº­y, Ä‘áº­m Ä‘Ã , thá»‹t nhiá»u, em thÃ¬ khi nÃ o cÅ©ng pháº£i lÃ m thÃªm quáº£ trá»©ng cháº§n cho ngá»t nÆ°á»›c ná»¯a
TÃ´ bÃ¬nh thÆ°á»ng 60k
TÃ´ Ä‘áº·c biá»‡t 120k
Trá»©ng cháº§n 10k 
Ã€ cÃ³ láº§n em thá»­ phá»Ÿ sá»‘t vang nhÆ°ng mÃ³n nÃ y thÃ¬ váº«n chÆ°a Ä‘Æ°á»£c nhÆ° mong Ä‘á»£i, 70k
KhÃ´ng gian rá»™ng rÃ£i, sáº¡ch sáº½
NhÃ¢n viÃªn nhanh nháº¹n, niá»m ná»Ÿ"
95,Há»§ Tiáº¿u LiÃªn ViÃªn ViÃªn - HÆ°ng Äáº¡o VÆ°Æ¡ng,"MÃ¬nh thÆ°á»ng xuyÃªn ghÃ© quÃ¡n má»—i khi thÃ¨m mÃ¬ khÃ´ vÃ¬ chá»— nÃ y thá»‹t báº±m cá»±c ká»³ ngon, ngon nháº¥t lÃ  mÃ¬ khÃ´ thá»‹t báº±m! MÃ¬nh cÅ©ng hay dáº«n báº¡n tá»›i Äƒn vÃ  báº¡n mÃ¬nh láº¡i thÃ­ch mÃ¬ hoÃ nh thÃ¡nh nÆ°á»›c! Sá»£i mÃ¬ dai, nÆ°á»›c lÃ¨o Ä‘áº­m Ä‘Ã ! ai thÃ¨m xÃ­ quÃ¡ch cÅ©ng cÃ³ thá»ƒ tá»›i tiá»‡m mua Äƒn hay mang vá» nháº­u cÅ©ng Ä‘Æ°á»£c ^^ ngon ngang ngá»­a mÃ¬ TÃ u Cao á»Ÿ ÄÃ  Láº¡t )) ( dÃ¢n ÄÃ  Láº¡t nÃ³i váº­y )! NÃ³i mÃ¬ LiÃªn ViÃªn ViÃªn thÃ¬ cháº¯c dÃ¢n BiÃªn HoÃ  Ã­t ai biáº¿t vÃ¬ tá»¥i mÃ¬nh hay gá»i quÃ¡n nÃ y lÃ  ""MÃ¬ trong Ga"" ( quÃ¡n náº±m gáº§n ga Bh)"
96,Baris Tea & Coffee House - Tráº§n HÆ°ng Äáº¡o,"NhÃ¢n viÃªn phá»¥c vá»¥ ráº¥t nhiá»‡t tÃ¬nh.
KhÃ´ng gian thoÃ¡ng mÃ¡t, view ráº¥t Ä‘áº¹p Ä‘á»ƒ sá»‘ng áº£o ))
GiÃ¡ cáº£ vá»«a pháº£i
WC ráº¥t sáº¡ch sáº½."
97,PhÃºc Long Coffee & Tea - Vincom Plaza Tráº§n PhÃº,"Äáº¿n PhÃºc Long mÃ¬nh chá»‰ thÃ­ch gá»i há»“ng trÃ  sá»¯a. VÃ  uá»‘ng bao nhiÃªu chi nhÃ¡nh á»Ÿ hcm rá»“i thÃ¬ chi nhÃ¡nh á»Ÿ NT lÃ m mÃ¬nh tháº¥t vá»ng nháº¥t. MÃ¬nh Ä‘Ã£ nhiá»u láº§n Ä‘áº·t mÃ³n á»Ÿ Ä‘Ã¢y nhÆ°ng láº§n nÃ o cÅ©ng lÃ m mÃ¬nh tháº¥t vá»ng. Vá»‹ trÃ  nháº¡t nháº½o, uá»‘ng mÃ  cáº£m giÃ¡c nhÆ° nÆ°á»›c Ä‘Ã¡ pha Ã­t trÃ  váº­y. 
Chá»‰ riÃªng mÃ³n há»“ng trÃ  sá»¯a lÃ  dá»Ÿ, cÃ²n Ä‘Ã¡ xay thÃ¬ mÃ¬nh uá»‘ng tháº¥y Ä‘Æ°á»£c."
98,"PhÆ°á»£ng - BÃºn Cháº£, BÃºn Äáº­u Máº¯m TÃ´m - Nháº¥t Chi Mai","Pháº§n bÃºn Ä‘áº·c biá»‡t 50k vÃ  thá»‹t thÃªm 27k, hÃ¬nh Ä‘á»ƒ thá»‹t nÆ°á»›ng nhÆ°ng giao thá»‹t luá»™c."
99,VÆ°á»n NhÃ£n - GÃ  ÄÃ¡ & CÃ¡c MÃ³n Ä‚n Äá»“ng QuÃª,"HÃ´m qua Ä‘i Äƒn vá»›i nhÃ³m, Ä‘c chá»‹ kia giá»›i thiá»‡u quÃ¡n gÃ  á»Ÿ Ä‘Ã¢y. QuÃ¡n nÃ y bÃ¡n lÃ¢u nÄƒm láº¯m rá»“i, khÃ¡ch Ä‘á»u lÃ  ngÆ°á»i giÃ u cÃ³. NhÃ³m táº§m 10 ngÆ°á»i gá»i 2 cÃ¡i láº©u con gÃ  hÆ¡n 2 kÃ½ vá»›i 2 pháº§n áº¿ch chiÃªn nÆ°á»›c máº¯m. CÃ¡i láº©u Ä‘em ra lÃ  tháº¥y cháº¥t lÆ°á»£ng liá»n. GÃ  má»m, ngon, nÆ°á»›c láº©u ngon, cÃ³ sáº¯n, Ä‘áº­u phá»™ng vá»›i Ä‘u Ä‘á»§ Äƒn láº¡ miá»‡ng. áº¾ch cÅ©ng dai ngon, nhÆ°ng chiÃªn nÆ°á»›c máº¯m mÃ  mÃ¬nh tháº¥y hÆ¡i láº¡t tÃ­. Tá»•ng chi phÃ­ bao gá»“m nÆ°á»›c luÃ´n cÃ³ 800k hÆ¡n thÃ´i. GiÃ¡ quÃ¡ ráº»."
100,Phá»‘ Cá»• HÃ  Ná»™i - Nem Chua RÃ¡n Sá»‘ 1 - NgÃ´ ThÃ¬ Nháº­m,"Hai ngÆ°á»i Äƒn chá»‰ 137k, quÃ¡ ráº» vÃ  no. Tuy nhiÃªn quÃ¡ nÃªn láº¯p thÃªm quáº¡t nha :)) nÃ³ng quÃ¡ Äƒn há»•ng ngon ğŸ˜¹"
101,Táº¡ Tuyáº¿t NgÃ¢n - Ä‚n Váº·t & TrÃ  Sá»¯a,"HÆ¡i tháº¥t vá»ng. BÃ¡nh giao tá»›i ko giá»‘ng nhÆ° trong hÃ¬nh, ko há» ngáº­p phÃ´ mai hay bÆ¡ tá»i nhÆ° giá»›i thiá»‡u, bÃ¡nh khÃ¡ tráº¯ng nhÃ¡ch. BÃ¡nh mÃ¬ thÃ¬ ok nhÆ°ng vá»‹ giá»‘ng bÃ¡nh mÃ¬ ngá»t bÃ¬nh thÆ°á»ng, chá»© ko Ä‘Æ°á»£c nÆ°á»›ng giÃ²n nhÆ° cÃ¡c tiá»‡m khÃ¡c"
102,Bean & Jam - Nguyá»…n ThÃ¡i Há»c,MÃ³n Ä‘á»“ uá»‘ng á»Ÿ quÃ¡n quÃ¡ dá»Ÿ. MÃ³n trÃ  Ä‘en machiato nhÆ°ng k tháº¥y lá»›p machiato Ä‘Ã¢u. Náº¿u gá»i mÃ³n nÃ y á»Ÿ má»™t quÃ¡n khÃ¡c cháº¯c cháº¯n se ngon hÆ¡n.
103,Xing Fu Tang - Nguyá»…n VÄƒn Linh,"TrÃ  sá»¯a á»Ÿ Ä‘Ã¢y thÃ¬ ngon . NhÆ°ng nhÃ¢n viÃªn tháº­t kÃ¬ láº¡ , ko biáº¿t má»i ngÆ°á»i tháº¥y sao nhÆ°ng mÃ¬nh cháº³ng thÃ­ch thÃ¡i Ä‘á»™ cá»§a há» tÃ­ nÃ o . LÃºc mÃ¬nh order thÃ¬ cÃ³ hai chá»‹ ra Ä‘á»©ng á»Ÿ chá»— tÃ­nh tiá»n cá»© cÆ°á»i vá»›i nhau anh Ä‘Ã³ cÅ©ng lÃ  nhÃ¢n viÃªn nÃ³i lÃ  cÃ¡i gÃ¬ mÃ  cÆ°á»i quÃ i váº­y , mÃ  váº«n cá»© cÆ°á»i . Kiá»ƒu khinh ngÆ°á»i sao sao Ã½"
104,TrÃ  Sá»¯a Sweet Cup - LÃª Há»“ng Phong,Äáº¿n mua trÃ  sá»¯a socola trÃ¢n chÃ¢u...vá» Ä‘áº¿n nhÃ  phÃ¡t hiá»‡n khÃ´ng cÃ³ trÃ¢n chÃ¢u...quÃ¡n lÃ m Äƒn nhÆ° cÃ¡i ***
105,CÃ´ Háº±ng QuÃ¡n - ChÃ¡o SÆ°á»n & ChÃ¡o Trai - TT Trung Tá»±,"Äá»“ Äƒn cÅ©ng bÃ¬nh thÆ°á»ng nhÆ° bao hÃ ng chÃ¡o khÃ¡c
Äáº·c biá»‡t thÃ¡i Ä‘á»™ phá»¥c vá»¥ khÃ´ng thá»ƒ cháº¥p nháº­n Ä‘Æ°á»£c, trÆ°á»›c mÃ¬nh Äƒn phá»¥c vá»¥ cÅ©ng tá»‘t mÃ  giá» Ä‘Ã´ng rá»“i nÃªn cháº£nh, gá»i chÃ¡o sÆ°á»n nhÆ°ng chÃ¡o khÃ´ng lÃ m gÃ¬ cÃ³ sÆ°á»n?? MÃºc chÃ¡o Ä‘á»ƒ dÃ¢y háº¿t ra cáº·p lá»“ng mÃ¬nh nhá» lau há»™ thÃ¬ chá»§ báº£o ""giáº¥y trÃªn bÃ n tá»± Ä‘i mÃ  lau"", mÃ  bÃ¡n thÃ¬ Ä‘áº¯t mua ba mÆ°Æ¡i nghÃ¬n viá»‡t nam Ä‘á»“ng chÆ°a Ä‘Æ°á»£c ná»­a cáº·p lá»“ng mÃºc ra chÆ°a ná»•i 3 bÃ¡t Äƒn cÆ¡m. Láº§n cuá»‘i cÃ¹ng mÃ¬nh bÆ°á»›c chÃ¢n vÃ o hÃ ng nÃ y áº¡."
106,"á»c 5 Táº§ng - á»c, MÃ³n Nháº­u, Háº£i Sáº£n BÃ¬nh DÃ¢n","QuÃ¡n Ä‘Ã£ dá»i sang Ä‘c má»›i, tÃ¬m má»i máº¯t má»›i ra.
ÄÃ£ ghÃ© quÃ¡n nhiá»u láº§n Ä‘á»ƒ Äƒn cÃ ng cÃºm rang me. NhÆ°ng hÃ´m nay ghÃ© láº¡i thÃ¬ mÃ¹i vá»‹ k giá»‘ng nhÆ° trÆ°á»›c ná»¯a.
CÃ ng cÃºm k Ä‘Æ°á»£c tÆ°Æ¡i. Rang me k ngon nhÆ° máº¥y nÄƒm trÆ°á»›c.
á»c xÃ o tá»i mÃ  cÅ©ng cÃ³ tÃ­ tá»i thÃ´i.
BÃ n bÃªn trong nhÃ  quÃ¡ tháº¥p, Äƒn ngá»“i cong cáº£ lÆ°ng.
Sáº½ k quay láº¡i!!!"
107,Hiá»n XÃ¹ - CÆ¡m Rang,BÃ¡n hÃ ng sai cÃ²n báº£o khÃ¡ch vá»©t Ä‘i xong thÃ¡i Ä‘á»™ Ä‘Ã¡nh khÃ¡ch thÃ¬ Ä‘Ã³ng cá»­a quÃ¡n vá» há»c lÃ m ngÆ°á»i Ä‘i Ä‘Ã£ nhÃ©! KhÃ´ng thá»ƒ cháº¥p nháº­n Ä‘Æ°á»£c
108,TrÃ  Sá»¯a Bumba - CÃ¡t Bi,"TÃ´i khÃ´ng pháº£i ngÆ°á»i Ä‘áº§u tiÃªn nÃ³i vá» thÃ¡i Ä‘á»™ cá»§a nhÃ¢n viÃªn quÃ¡n nÃ y. NhÃ¢n viÃªn ná»¯ ca chiá»u khÃ´ng biáº¿t báº¡n muá»‘n nghá»‰ táº¿t sá»›m nÃªn thÃ¡i Ä‘á»™ vá»›i khÃ¡ch hay sao? VÃ o mua 1 cá»‘c trÃ  sá»¯a chÃ¢n chÃ¢u vá»«a dá»©t lá»i báº¡n áº¥y báº£o "" 30 nghÃ¬n ! "". MÃ¬nh Ä‘Ã£ tháº¥y bá»±c rá»“i, láº¥y thÃ¬ lÃ  trÃ  sá»¯a dÃ¢u. Quay láº¡i há»i thÃ¬ b áº¥y báº£o "" chá»‹ nghe lÃ  trÃ  sá»¯a dÃ¢u. "" ( máº·t khÃ³ chá»‹u rá»“i quay Ä‘i ) "" chá»‹ lÃ m rá»“i em thÃ´ng cáº£m nhÃ© ! "" ( vá»›i cÃ¡i kiá»ƒu nÃ³i cho mÃ¬nh Ä‘i) nhÆ°ng mÃ¬nh váº«n Ä‘á»•i vÃ¬ mÃ¬nh khÃ´ng cháº¥p nháº­n thÃ¡i Ä‘á»™ bÃ¡n hÃ ng Ä‘áº¥y! "" láº§n sau em gá»i Ä‘á»“ thÃ¬ em nÃ³i to lÃªn "" mÃ¬nh báº£o "" em nÃ³i Ä‘á»§ nghe rá»“i"" thÃ¬ b áº¥y váº«n Ä‘á»‘i lá»i "" nhÆ°ng e nÃ³i chá»‹ cháº£ nghe tháº¥y gÃ¬ cáº£ "". KhÃ´ng nghe tháº¥y sao báº¡n ko há»i láº¡i ?? Láº§n Ä‘áº§u tiÃªn bá»‹ gáº·p quáº£ nhÆ° nÃ y :))"
109,Láº©u CÃ¡ Äuá»‘i 68 HoÃ ng Minh,"LÃºc vÃ´ thÃ¬ nhiá»‡t tÃ¬nh, lÃºc ra cháº£ tháº¥y con ma nÃ o láº¡i dáº¯t xe dÃ¹m. ChÆ°a ká»ƒ tÃ­nh tiá»n Äƒn gian bÃºn + bÃ¡nh cÃ³ 2 tÃ­nh tiá»n 3, ko Ä‘Ã¡ng bao nhiÃªu nhÆ°ng ai cÅ©ng tÃ­nh váº­y cháº¯c giÃ u, hÃ¨n chi má»Ÿ lá»›n quÃ¡ mÃ . Ai phÃ¡t hiá»‡n Ä‘c thÃ¬ kÃªu nháº§m cÃ²n láº¡i thÃ¬ chá»§ or thu ngÃ¢n bá» tÃºi. MÃ  dao tháº¯c máº¯c lÃ  cÃ¡i láº©u láº¡i ko kÃ¨m bÃºn vá»›i rau nhÆ° chá»— khÃ¡c nhá»‰. Cháº³ng láº½ náº¿u Ä‘em cÃ³ 200k thÃ¬ chá»‰ hÃºp nÆ°á»›c láº©u vÃ  vÃ i lÃ¡t cÃ¡ trÃªn máº·t láº©u thÃ´i ah????"
110,Cafe Hoa Äá»“ng Ná»™i Nha Trang,"SÃ¡ng hÃ´m nay (29/7/2019), mÃ¬nh cÃ¹ng gia Ä‘Ã¬nh cÃ³ Ä‘áº¿n Ä‘Ã¢y Ä‘á»ƒ uá»‘ng cf vÃ  dÃ¹ng bá»¯a sÃ¡ng. LÃºc Ä‘Ã³ quÃ¡n ráº¥t Ã­t khÃ¡ch, sau khi gá»i mÃ³n phá»Ÿ, bÃºn vÃ  Ä‘á»£i Ä‘áº¿n hÆ¡n 30p váº«n chÆ°a cÃ³, mÃ¬nh cÃ³ há»i báº¡n nhÃ¢n viÃªn 3-4 láº§n vÃ  luÃ´n nháº­n Ä‘c pháº£n há»“i ""rÃ¡ng Ä‘á»£i chÃºt xÃ­u"". Sau Ä‘Ã³ gÄ‘ mÃ¬nh Ä‘á»£i thÃªm 1 lÃºc ná»¯a nhÆ°ng váº«n chÆ°a tháº¥y, trong khi láº¡i sáº¯p Ä‘áº¿n giá» lÃªn chuyáº¿n bay rá»i nha trang, nÃªn Ä‘Ã nh pháº£i Ã´m bá»¥ng Ä‘Ã³i Ä‘i vá». MÃ¬nh cáº£m tháº¥y ráº¥t tháº¥t vá»ng vá» chuyá»‡n nÃ y, mÃ¬nh Ä‘Æ°a gÄ‘ Ä‘áº¿n vÃ¬ cÃ³ sá»± giá»›i thiá»‡u tá»‘t Ä‘áº¹p cá»§a báº¡n bÃ¨ nhÆ°ng nháº­n vá» cÃ¡i bá»±c trong ngÆ°á»i. Tháº­t sá»± ráº¥t tháº¥t vá»ng."
111,Ghiá»n - The Drink & Fast Food - Phan Trung,"QuÃ¡n cÅ©ng lá»›n mÃ  cÃ³ 1triá»‡u máº¥y cÅ©ng giáº­t rá»“i trá»‘n ngÆ°á»i ta Ã , kÃ¬ quÃ¡ Ä‘i. ThÃ  khÃ´ng cÃ³ tiá»n nÃ³i 1 tiáº¿ng cho ngÆ°á»i ta biáº¿t ngÆ°á»i ta cho luÃ´n, chá»© im á»‰m váº­y ngÆ°á»i ta biáº¿t Ä‘Æ°á»ng Ä‘Ã¢u mÃ  mÃ². huhu. Tráº£ tiá»n Ä‘i quÃ¡n Æ¡i. huhu"
112,Má»¹ Háº¡nh - Háº£i Sáº£n TÆ°Æ¡i Sá»‘ng,"Háº£i sáº£n bÃ¬nh thÆ°á»ng, giÃ¡ cao. Äáº·c biá»‡t nhÃ¢n viÃªn vÃ´ giÃ¡o dá»¥c, vÃ´ vÄƒn hoÃ¡.
MÃ¬nh ghÃ© quÃ¡n do xem review tháº¥y khen háº£i sáº£n tÆ°Æ¡i. GhÃ© trÆ°á»›c khi ra sÃ¢n bay vÃ  order hai mÃ³n má»±c má»™t náº¯ng nÆ°á»›ng vÃ  cua háº¥p. 
Má»±c to, ngá»t nhÆ°ng hÆ¡i dai. CÅ©ng táº¡m Ä‘Æ°á»£c.
Cua thá»‹t cÃ³ 2 giÃ¡ 600k vÃ  750k, mÃ¬nh chá»n con loáº¡i 600k, lÃºc tÃ­nh tiá»n láº¡i tÃ­nh loáº¡i 750k. TÃ­nh sai so vá»›i Ä‘Æ¡n giÃ¡ táº¡i há»“ mÃ  lÃºc mÃ¬nh nháº¹ nhÃ ng há»i láº¡i thÃ¬ ná»¯ phá»¥c vá»¥ ""cua lÃ m gÃ¬ cÃ³ giÃ¡ 600k"" rá»“i háº¥t máº·t thÃ¡ch thá»©c ""chá»‹ láº¡i há»“ mÃ  coi Ä‘i!"".
MÃ¬nh ká»m cháº¿ Ä‘i cÃ¹ng phá»¥c vá»¥ ra há»“ xem, Ä‘á»‘i chiáº¿u xong phá»¥c vá»¥ miá»‡ng láº§m báº§m lÃ u bÃ u kiá»ƒu chá»­i tháº§m khÃ¡ch. Nam nhÃ¢n viÃªn sá»­a láº¡i bill tÃ­nh tiá»n mÃ  máº·t mÅ©i háº­m há»±c, xÃ© bill Ä‘Æ°a khÃ¡ch nhÆ° giang há»“.
QuÃ¡n kiá»ƒu nÃ y lÃ m xáº¥u máº·t ÄÃ  Náºµng!!!"
113,ZÃ© Food - ThiÃªn ÄÆ°á»ng Ä‚n Váº·t Online,Thá»©c Äƒn dá»¡ tá»‡
114,Ngá»c Nhung - Sá»¯a Chua PhÃ´ Mai & BÃ¡nh Flan,"Táº§m 9h sÃ¡ng 26.12.2020, Ba mÃ¬nh vÃ  mÃ¬nh láº·n lá»™i theo review Ä‘áº¿n Ä‘Ã¢y thÆ°á»Ÿng thá»©c yaourt vÃ¬ nghe khen ngon. Vá»«a Ä‘áº¿n thÃ¬ má»™t tá»‘p ngÆ°á»i Äƒn xong Ä‘i ra, ba mÃ¬nh vÃ  mÃ¬nh vÃ o ngá»“i bÃ n Ä‘Ã³. KhÃ´ng má»™t ai Ä‘áº¿n há»i gá»i mÃ³n. MÃ¬nh pháº£i tá»± vÃ o trong quáº§y há»i cÃ´ chá»§ quÃ¡n lÃ  quÃ¡n cÃ³ menu khÃ´ng, vÃ  nháº­n Ä‘Æ°á»£c cÃ¡i náº¡t ná»™ nÃ³i lÃ  quÃ¡n nÃ y khÃ´ng cÃ³ menu gÃ¬ háº¿t, tÃ´i lÃ  cÃ¡i menu Ä‘Ã¢y, ra ngoÃ i ngá»“i Ä‘i rá»“i lÃ¡t tÃ´i ra liá»n. MÃ¬nh cÅ©ng hÆ¡i tá»± Ã¡i nhÆ°ng rÃ¡ng nÃ©n Ä‘á»ƒ coi Äƒn ngon ko. Quay láº¡i chá»— ngá»“i vá»›i ba mÃ¬nh thÃ¬ cÃ´ chá»§ quÃ¡n ra nÃ³i vá»›i giá»ng bá» trÃªn: á»§a Ä‘i cÃ³ 2 ngÆ°á»i thÃ¬ tÃ´i â€œYÃŠU Cáº¦Uâ€ qua bÃ n káº¿ bÃªn (tá»± xÃ¡ch gháº¿ qua) ngá»“i Ä‘i Ä‘á»ƒ bÃ n trá»‘ng cÃ²n cÃ³ ngÆ°á»i khÃ¡c ngá»“i (bÃ n kia cÃ³ 3 cÃ´ khÃ¡c Ä‘ang ngá»“i vÃ  ko cÃ³ sáºµn gháº¿ dÆ° nÃªn má»›i Ä‘áº§u ba mÃ¬nh vÃ  mÃ¬nh má»›i ngá»“i á»Ÿ bÃ n Ä‘Ã¢y thÃ´i). CÃ´ khÃ´ng thá»ƒ nÃ³i vá»›i giá»ng lá»‹ch sá»± hÆ¡n sao!???. Ba mÃ¬nh lá»›n tuá»•i hÆ¡n cÃ´ áº¥y nhiá»u mÃ  giá»ng nhÆ° lÃ  tá»¥i mÃ¬nh Ä‘i Äƒn xin, mong dc Äƒn quÃ¡n cá»§a cÃ´ láº¯m. Ba mÃ¬nh vÃ  mÃ¬nh Ä‘á»©ng dáº­y Ä‘i luÃ´n. Ko biáº¿t ngon ko mÃ  thÃ¡i Ä‘á»™ phá»¥c vá»¥ coi thÆ°á»ng ngÆ°á»i khÃ¡c cÃ²n lá»›n tuá»•i ná»¯a thÃ¬ thÃ´i say goodbye. MÃ¬nh ko cÃ³ thiáº¿u tiá»n Ä‘á»ƒ pháº£i cá»‘ Ä‘áº¥m nghe háº¡ nhá»¥c Ä‘á»ƒ Äƒn máº¥y há»§ yaourt nhÆ° váº­y. MÃ¬nh sáº½ ko bao giá» quay trá»Ÿ láº¡i!"
115,Crabby - SÃºp Cua - Shop Online,"Cua nháº·t chÆ°a háº¿t vá» . Ng lá»›n Äƒn k sao chá»© tráº» con dá»… hÃ³c . 
MÃ¬nh Ä‘áº·t sá»¯a Ä‘áº­u nÃ nh tháº¡ch sÆ°Æ¡ng sÃ¡o mÃ  láº¡i giao cho mÃ¬nh sá»¯a trÃ¢n chÃ¢u 
Rau thÆ¡m hÆ¡i hÃ©o 
NhÆ°ng vá»‹ váº«n ráº¥t ok 
Nchung cháº¥m 7/10"
116,Status - Tea & Coffee Express - TrÆ°ng Nhá»‹,Äá»«ng ai ghÃ© chi nhÃ¡nh Tráº§n HÆ°ng Äáº¡o náº¿u khÃ´ng muá»‘n tráº£i nghiá»‡m sá»± phá»¥c vá»¥ há»i há»£t vÃ  vÃ´ trÃ¡ch nhiá»‡m cá»§a lÅ© nhÃ¢n viÃªn ná»­a mÃ¹a.
117,BÃºn Cháº£ Sinh Tá»« - Nguyá»…n Phong Sáº¯c,"BÃºn cháº£ 40k/1 suáº¥t cÅ©ngk pháº£i lÃ  ráº», chá»‰ nhiá»u hÆ¡n nhá»¯ng quÃ¡n 25k Ä‘áº¿n 30k lÃ  nhiá»u bÃºn hÆ¡n thÃ´i. NÆ°á»›c cháº¥m nháº¡t, cháº£ thÃ¬ cÅ©ng bthuong áº¡. Thá»±c ra Ä‘áº¿n Ä‘á»ƒ thá»­ vÃ¬ bÃºn cháº£ cÅ©ng lÃ  mÃ³n yÃªu thÃ­ch cá»§a mÃ¬nh cÅ©ng vÃ¬ cáº£ cÃ¡i tÃªn ğŸ˜ nhÆ°ng khÃ´ng thÃ­ch thÃ¡i Ä‘á»™ nhÃ¢n viÃªn táº¹o nÃ o. ÄÆ°á»£c má»—i anh dáº¯t xe lÃ  niá»m ná»Ÿ. VÃ¬ láº§n Ä‘áº§u vÃ o mÃ¬nh k biáº¿t pháº£i oder trc tÆ°á»Ÿng nhÃ¢n viÃªn Ä‘áº¿n há»i rá»“i Ä‘áº·t. Äáº¿n tháº¥y máº¥y chá»‹ cÆ°á»i hÃ´ há»‘ cáº£ k thÃ¨m nhÃ¬n khÃ¡ch ngá»“i vÃªu má»“m cÅ©ng k tháº¥y máº¥y bÃ  Ä‘á»™ng cá»±a gÃ¬. Rá»“i mÃ£i sau ny mÃ¬nh gá»i Ä‘á»“ má»›i tháº¥y gá»i vá»›i vÃ o rá»“i bÃª Ä‘á»“ ra. ÄÃ¹a má»›i sÃ¡ng ra tháº¥y bá»±c khá»§ng khiáº¿p nhÆ° kiá»ƒu Ä‘áº¿n xin Äƒn áº¥y. 1 láº§n thÃ´i chá»© k bao giá» quay láº¡i ná»¯a. NhÃ¢n viÃªn nhiá»u nhÆ° váº­y Ä‘áº¿n 2,3 ng khÃ¡ch cÃ²n phá»¥c vá»¥ k xong ná»¯a. SiÃªu tháº¥t vá»ng......"
118,Hiá»‡u BÃ¡nh Moka,"MÃ¬nh vÃ  gia Ä‘Ã¬nh Äƒn á»Ÿ Moka cÅ©ng pháº£i hÆ¡n gáº§n 2 chá»¥c nÄƒm, tá»« cÃ¡i há»“i mÃ  cá»­a hÃ ng nhá» chá»‰ cÃ³ 1 gian vÃ  chá»§ cá»­a hÃ ng lÃ  1 bÃ  cá»¥ nhÃ¬n hiá»n háº­u vÃ  luÃ´n Ä‘Æ°a bÃ¡nh nháº­n tiá»n báº±ng 2 tay. 

MÃ¬nh nhá»› cÃ¡i há»“i áº¥y cÃ²n bÃ¡n su kem theo chiáº¿c, Ä‘á»±ng vÃ o há»™p giáº¥y chá»© ko bÃ¡n theo cáº£ há»™p nhá»±a to nhÆ° bÃ¢y giá». VÃ  chiáº¿c bÃ¡nh su kem há»“i áº¥y, má»—i láº§n cho vÃ o miá»‡ng cáº¯n 1 miáº¿ng lÃ  custard mÃ¡t mÃ¡t á»Ÿ trong Ã¹a ra, trÃ n vÃ o khoang miá»‡ng nhá»¯ng hÆ°Æ¡ng vá»‹ ngáº§y ngáº­y thÆ¡m thÆ¡m ngÃ²n ngá»t ráº¥t vá»«a váº·n. Vá» bÃ¡nh thÃ¬ má»ng tang, láº¡i váº«n hÆ¡i giÃ²n giÃ²n chá»© ko dai vÃ  dÃ y vÃ  vÃ´ vá»‹ nhÆ° bÃ¢y giá». 

MÃ¬nh nhá»› cÃ¡i há»“i áº¥y bÃ¡nh rÃ¡n vá»«ng nhÃ¢n Ä‘á»— xanh sao mÃ  rÃ¡o dáº§u, ngon lÃ nh, trÃ²n trá»‹a, má»—i láº§n láº¯c láº¯c nÃ³ Ä‘á»u nghe tháº¥y tiáº¿ng nhÃ¢n bÃªn trong. Tháº¿ mÃ  bÃ¢y giá» há» ná»¡ lÃ m miáº¿ng bÃ¡nh sÅ©ng dáº§u, cÃ³ 1 vá»‹ truyá»n thá»‘ng cÃ²n chÆ°a lÃ m xong, láº¡i cÃ²n lÃ m vá»‹ khoai tÃ­m. 

Moka Ä‘Æ°á»£c chuyá»ƒn nhÆ°á»£ng tá»« Ä‘Ã£ lÃ¢u, vÃ  náº¿u mÃ¬nh lÃ  chá»§ cÅ© cá»§a nÃ³ thÃ¬ mÃ¬nh sáº½ tháº¥y buá»“n láº¯m, vÃ¬ nhá»¯ng giÃ¡ trá»‹ cá»§a Moka Ä‘Ã£ máº¥t háº¿t rá»“i :( Má»i thá»© bÃ¢y giá» thá»© thÃ¬ ngá»t quÃ¡, thá»© thÃ¬ ko Ä‘áº­m vá»‹, thá»© thÃ¬ toÃ n dáº§u, thá»© thÃ¬ Äƒn vÃ o tháº¥y bá»©. MÃ¬nh ráº¥t tiáº¿c nhÆ°ng cÃ³ láº½ mÃ¬nh sáº½ ko bao giá» quay láº¡i Moka ná»¯a. Pháº£i chi gáº·p láº¡i Ä‘Æ°á»£c bÃ  cá»¥ nÄƒm nÃ o :("
119,Háº£i Sáº£n Nha Trang Bá» KÃ¨,"MÃ¬nh bá»‹ chÃº xÃ­ch lÃ´ Ä‘iá»‡n (0169.282.4515) gian xáº£o, lá»«a tiá»n xÃ­ch lÃ´ mÃ¬nh vÃ  mami, trÆ°á»›c Ä‘Ã³ cÃ²n lá»«a Ä‘áº¿n quÃ¡n nÃ y. QuÃ¡n nÃ y chá»§ yáº¿u dá»¥ Trung Quá»‘c, mÃ¬nh lá»¡ vÃ o nÃªn Äƒn 1 thá»‘ nghÃªu háº¥p sáº£, 1 dÄ©a sÃ² huyáº¿t xÃ o me. NghÃªu nháº¡t, nhá»; sÃ² huyáº¿t máº·n, cÅ©, nÆ°á»›c lá»nh, cáº£m giÃ¡c nhÆ° bá»n nÃ³ gom Ä‘á»“ thá»«a láº¡i Ä‘em ra cho mÃ¬nh khi mÃ¬nh gá»i Ã­t mÃ³n vÃ  há»i giÃ¡. Ko dÃ¡m Äƒn, bá» hÆ¡n 1 ná»­a, giÃ¡ bá»‹ chÃ©m lÃ  336k. TrÆ°á»›c Ä‘Ã³ Ä‘á»‹nh Ä‘i á»‘c Ä‘á»“ng giÃ¡ 20k á»Ÿ sá»‘ 02 Cá»­u Long mÃ  bá»‹ Ã´ng xÃ­ch lÃ´ dá»¥ nÃ³i chá»— nÃ y ngon mÃ  ráº», láº¡i gáº§n biá»ƒn. 
TÃ³m láº¡i, ko Äƒn chá»— quÃ¡n á»‘c nÃ y, vÃ  Ä‘á»«ng Ä‘i chÃº xÃ­ch lÃ´ Ä‘iá»‡n sá»‘ fone á»Ÿ trÃªn, bÃ¡o giÃ¡ cháº¡y xlÃ´ 1 Ä‘Æ°á»ng tÃ­nh tiá»n 1 náº»o. 
ChÃºc cáº£ nhÃ  cÃ³ chuyáº¿n Ä‘i Nha Trang thÃº vá»‹ :)"
120,QuÃ¡n NÆ°á»›ng Chu - Pháº¡m NgÅ© LÃ£o,Tráº£i nghiá»‡m láº§n Ä‘áº§u cÃ¹ng gia Ä‘Ã¬nh vÃ´ cÃ¹ng tá»‡. YÃªu cáº§u Ä‘á»•i bÃ n thÃ¬ nÃ³i oder rá»“i khÃ´ng chuyá»ƒn Ä‘Æ°á»£c vÃ  cÃ³ thÃ¡i Ä‘á»™ chá»­i sau lÆ°ng khÃ¡ch (sau khi quay sang tháº¥y nÃ³i trong miá»‡ng Máº¸).
121,GÃ  RÃ¡n KFC - Ba MÆ°Æ¡i ThÃ¡ng TÆ°,"NÃªn coi láº¡i cung cÃ¡ch phá»¥c vá»¥ khÃ¡ch hÃ ng, ngta Ä‘áº·t hÃ ng Ä‘á»ƒ láº¥y tiá»n Ä‘Ã³ tráº£ cho máº¥y báº¡n nhÃ¢n viÃªn Ä‘á»ƒ phá»¥c vá»¥ khÃ¡ch Ä‘Ã³ máº¥y báº¡n Æ¡i, gÃ  kfc thÃ¬ ngon tháº­t nhÆ°ng thÃ¡i Ä‘á»™ nhÃ¢n viÃªn gá»i cho khÃ¡ch vÃ  khÃ´ng nhiá»‡t tÃ¬nh vá»›i cÃ´ng viá»‡c, mÃ¬nh á»Ÿ ngay chung cÆ° b1- Ä‘á»‘i diá»‡n mega market mÃ  cÃ²n k chá»‹u giao, hÃ¨n j jolibee Ä‘ang láº¥y háº¿t khÃ¡ch, vá»«a ráº» vá»«a ngonğŸ¤£"
122,Domino's Pizza - LÃª Há»“ng Phong,"Háº¹n giao khÃ´ng Ä‘Ãºng giá», gá»i 2 láº§n kÃªu check xem ship Ä‘i Ä‘áº¿n Ä‘Ã¢u r bÃ¡o láº¡i cho khÃ¡ch ko tháº¥y bÃ¡o. Cuá»‘i cÃ¹ng 20p sau má»›i gá»i há»i láº¡i Ä‘á»‹a chá»‰ rá»“i cáº§m Ä‘Æ¡n tá»« quÃ¡n Ä‘i, máº¥t Ä‘Ãºng 1h má»›i Ä‘c nháº­n hÃ ng mÃ  cÃ¡ch cÃ³ hÆ¡n 1km !!??"
123,SaSin - MÃ¬ Cay 7 Cáº¥p Äá»™ HÃ n Quá»‘c - Nguyá»…n Thá»‹ Tháº­p,"HÃ´m nay mÃ¬nh Ä‘i Äƒn, kÃªu 1 pháº§n mÃ¬ háº£i sáº£n cáº¥p 1. Äá»£i 1 lÃºc thÃ¬ Ä‘em ra tÃ´ mÃ¬ VÃ” CÃ™NG NHáº T, mÃ¬nh má»›i nháº¹ nhÃ ng nhá» phá»¥c vá»¥ Ä‘em vÃ o nÃªm láº¡i. LÃ¡t sau tráº£ láº¡i cho mÃ¬nh 1 tÃ´ mÃ¬ cÅ©ng khÃ´ng Ä‘áº­m Ä‘Ã  hÆ¡n lÃ  bao vÃ  NGUá»˜I, khÃ´ng biáº¿t quÃ¡n Ä‘Ã£ lÃ m gÃ¬ vá»›i tÃ´ mÃ¬ cá»§a mÃ¬nh ná»¯a. HÃ i tháº­t! TÆ°á»Ÿng nhÆ° vÃ o trong quÃ¡n Ä‘á»• thÃªm nÆ°á»›c láº¡nh vÃ o váº­y Ä‘Ã³. Tháº¥t vá»ng!!!!"
124,GÃ  NÆ°á»›ng Ã’ Ã“ O - ÄÆ°á»ng D5,"Láº§n trÆ°á»›c order thÃ¬ lÃ m sai. Äáº·t 1 con gÃ  thÃ¬ giao cÃ³ ná»­a con. Láº§n nÃ y Ä‘áº·t 2 pháº§n Ä‘Ã¹i. ÄÃºng kiá»ƒu Ä‘Ã¹i cÃ´ng nghiá»‡p to nhÆ° cÃ¡i phÃ­ch. Ä‚n vá»«a cá»©ng vá»«a chÃ¡y vá»«a dá»Ÿ. QuÃ¡ sá»©c tá»‡ háº¡i vÃ  vÃ´ cÃ¹ng tháº¥t vá»ng. GÃ  nguyÃªn con nhÆ° láº§n trÆ°á»›c Äƒn cÃ²n Ä‘á»¡. Máº¥y cÃ¡i Ä‘Ã¹i nhÆ° nÃ y mÃ  máº¥t tá»•ng Ä‘Æ¡n 250k. ÄÃºng lÃ  khÃ´ng ra gÃ¬. NgoÃ i ra, BÃ¡nh mÃ¬ thÃ¬ cá»©ng nhÆ° Ä‘Ã¡, quÄƒng luÃ´n chá»© ko Äƒn, nÆ°á»›c cháº¥m hay muá»‘i cháº¥m cÅ©ng ko cÃ³. KhÃ´ng bao giá» mua láº¡i chá»— nÃ y láº§n ná»¯a. Dá»Ÿ vÃ´ cÃ¹ng táº­n. ChÆ°a bao giá» bá»±c nhÆ° váº­y. ÄÃºng lÃ  cháº³ng ra gÃ¬."
125,Lotteria - Háº­u Giang,"KhÃ¡ch Ä‘Ã´ng mÃ  nhÃ¢n viÃªn oder thÃ¬ chá»‰ cÃ³ 1, lÃºc oder thÃ¬ nÃ³i Ä‘á»£i khoáº£ng 20â€™ nhÆ°ng tráº£ tiá»n xong nÃ³i 30â€™ ná»¯a xuá»‘ng láº¥y giÃ¹m vÃ¬ ko cÃ³ nhÃ¢n viÃªn, chÆ°a bao giá» gáº·p lotteria nÃ o mÃ  tá»‡ Ä‘áº¿n váº­y. NhÃ¢n viÃªn ko vui váº», Ä‘i Äƒn tráº£ tiá»n mÃ  nhÆ° Ä‘i xin"
126,"LaLa QuÃ¡n - GÃ  RÃ¡n, Kem & Äá»“ Uá»‘ng CÃ¡c Loáº¡i",Æ  sao mik tÃ¬m hÃ¬nh nhÆ° quÃ¡n nÃ y thÃ nh tÃ´m cÃ ng xanh hay sao r Ã­ cháº³ng tháº¥y Ä‘Ã¢u
127,ChÃ¡o LÃ²ng Cao Tháº¯ng,lÃ ng nÃ y mÃ¬nh á»¹ y khÃ´ng coi review trÆ°á»›c khi mua. chÃ¡o gÃ¬ Ä‘Ã¢u mÃ  chua lÃ©t. náº¿u khÃ´ng chua dá»¯ váº­y mÃ¬nh cÃ²n tÆ°á»Ÿng hÆ° rá»“i chá»©. cÃ²n ruá»™t thÃ¬ Ä‘áº¯ng nghÃ©t. cÃ²n thÃªm má»™t miáº¿ng tÃ³c trong chÃ¡o ná»¯a.
128,á»c Quá»³nh,á»c Ä‘áº¯t gáº¥p 3 láº§n quÃ¡n á»‘c bÃ¬nh thÆ°á»ng. á»c má»¡ do bÃ¡n ko háº¿t nÃªn Ä‘á»ƒ nhÃ¬u ngÃ y. Ko cÃ²n tÆ°Æ¡i. TÃ´m tÃ­t thÃ¬ chá» cÃ³ vá» ko cÃ³ ruá»™t. KÃªu 3 dÄ©a háº¿t 300k mÃ  ko Äƒn Ä‘c mÃ³n nÃ o.
129,TÃ¢m Viá»‡t - TrÃ  Sá»¯a & BÃ¡nh Crepe,"Láº§n Ä‘áº§u order bÃ¡nh sáº§u riÃªng vÃ  trÃ  sá»¯a cá»§a TÃ¢m Viá»‡t sau khi tháº¥y contact trÃªn facebook. Gá»i Ä‘iá»‡n thoáº¡i táº§m 2g máº¥y chiá»u, gá»i Ä‘iá»‡n thoáº¡i nháº¯c tá»›i nháº¯c lui khoáº£ng 3 láº§n thÃ¬ Ä‘áº¿n 4g máº¥y gáº§n 5g, sau khi mÃ¬nh dá»a sáº¯p tan ca khÃ´ng nháº­n ná»¯a má»›i cÃ³ báº¡n giao láº¡i. BÃ¡nh sáº§u riÃªng mÃ¬nh há»i cÃ³ loáº¡i 15,18k gÃ¬ ná»¯a nhÆ°ng háº¿t rá»“i nÃªn chá»‰ Ä‘áº·t loáº¡i 12k. Äáº·t mÃ u vÃ ng vá»›i mÃ u xanh thÃ¬ mÃ u xanh chá»‰ cÃ²n 1, toÃ n bá»™ cÃ²n mÃ u tÃ­m. Dáº·n trÃ  sá»¯a chá»‰ Ä‘á»ƒ cá»§ nÄƒng thÃ¬ Ä‘á»ƒ Ä‘áº§y Ä‘á»§. BÃ¡nh Äƒn hÆ¡i Ã­t sáº§u riÃªng, vá»‹ cÅ©ng Ä‘Æ°á»£c, trÃ  sá»¯a khÃ¡ ok. Chá»‰ cÃ³ phá»¥c vá»¥ quÃ¡ tá»‡."
130,TrÃ  Sá»¯a Tocotoco - TÃ´n Äá»©c Tháº¯ng,"Äá»“ uá»‘ng nháº¡t nháº½o. chÃ¢n chÃ¢u cá»©ng
Uá»‘ng táº¡m"
131,TÃ¢y Há»“ QuÃ¡n - BÃºn Cháº£ HÃ  Ná»™i,"Äáº·t 2 cÃ¢y nem nhÆ°ng chá»‰ cÃ³ 1 cÃ¢y lÃ  sao????
Thá»‹t vá»›i nÆ°á»›c thÃ¬ ngon. TÃ´i Ä‘áº·t 2 cÃ¢y nem 18k nhÆ°ng chá»‰ bá» 1 cÃ¢y?"
132,Highlands Coffee - Handico,"Socola á»Ÿ Ä‘Ã¢y dá»Ÿ thiá»‡t sá»±, cáº£m tÆ°á»Ÿng nhÆ° Ä‘ang uá»‘ng sá»¯a Ä‘áº·c mix tÃ­ hÆ°Æ¡ng vá»‹ socola vÃ  nháº¡t khÃ´ng táº£ ná»•i"
133,GÃ  rÃ¡n vÃ  MÃ¬ Ã - Jollibee - Tiá»ƒu La,"Bao rÃ¡c trÆ°á»›c cá»­a hÃ ng máº¥t vá»‡ sinh quÃ¡
Quáº£n lÃ½ cá»­a hÃ ng Ä‘Ã´i co vá»›i khÃ¡ch, lá»›n tiáº¿ng vá»›i khÃ¡ch, cÃ´ng ty xem xÃ©t láº¡i thÃ¡i Ä‘á»™ cá»§a cá»­a hÃ ng trÆ°á»Ÿng. Ä‚n nÃ³i vÃ´ lá»… vá»›i máº¥y chÃº báº£o vá»‡. ChÃ¨n Ã©p nhÃ¢n viÃªn, giá»¯a trÆ°a náº¯ng báº¯t nhÃ¢n viÃªn Ä‘á»©ng giá»¯a trá»i náº¯ng phÃ¡t tá» rÆ¡i.TÃ´i tháº¥y quáº£n lÃ½ nhÆ° váº­y lÃ  khÃ´ng Ä‘Æ°á»£c. TÃ´i mong cÃ´ng ty xem xÃ©t láº¡i cÃ¡ch quáº£n lÃ½ vÃ  nhÃ¢n cÃ¡ch cá»§a ngÆ°á»i quáº£n lÃ½ nÃ y"
134,SÃºp Cua Háº¡nh,"SÃºp cua á»Ÿ Ä‘Ã¢y cÃ³ pháº£i lÃ  cá»§a sÃºp cua Háº¡nh ko váº­y, ko ngon, miá»…ng cua nhiá»u hÆ¡n thá»‹t cua, Äƒn pháº£i lá»«a ra, ko bao giá» ghÃ© mua láº§n 2."
135,ChÃ¡o Vá»‹t ThÃ´ng Tin,"GhÃ© Äƒn thá»­ cho biáº¿t...
ğŸ”¸KhÃ´ng gian rá»™ng rÃ£i, thoÃ¡ng mÃ¡t. Ngá»“i Äƒn khÃ¡ thoáº£i mÃ¡i. 
ğŸ”¹MÃ¬nh gá»i 1 chÃ¡o vÃ  1 cÃ¡i Ä‘Ã¹i vá»‹t luá»™c. Cáº£m nháº­n chÃ¡o Äƒn cÅ©ng táº¡m á»•n, mÃ  láº¡t quÃ¡! KhÃ´ng Ä‘áº­m Ä‘Ã . CÃ²n thá»‹t vá»‹t thÃ¬ Ã´i thÃ´i. Tá»‡ quÃ¡ tá»‡. Vá»‹t láº¡nh ngáº¯t, cá»©ng. Thá»‹t thÃ¬ Ã­t mÃ  xÆ°Æ¡ng thÃ¬ nhiá»u, máº¯m cháº¥m, gá»«ng á»›t Ã­t, lá»ng láº¹t. 
ğŸ”¸2 mÃ³n Ä‘Æ¡n giáº£n, ngá»‘n háº¿t 80k. Máº¯c dÃ£ man! Cáº£m tháº¥y phÃ­ tiá»n.
ğŸ”¹Cung cÃ¡ch phá»¥c vá»¥ cá»±c khÃ³ chá»‹u (bÃ  thÃ­m phá»¥c vá»¥). Láº§n sau khÃ´ng dÃ¡m ghÃ© Ä‘áº¿n quÃ¡n nÃ y ná»¯a!"
136,BÃ² NÃ© Má»¹ Cáº£nh - HoÃ ng VÄƒn Thá»¥,"Nghe cÃ¡c báº¡n review tÆ°á»Ÿng háº¥p dáº«n láº¯m. Máº·c dÃ¹ á»Ÿ Nha Trang 5 nÄƒm nhÆ°ng chÆ°a qua cÃ¡i quÃ¡n nÃ y bao giá». Tháº¥y Ä‘Äƒng menu giÃ¡ chat nghÄ© bá»¥ng cháº¯c Ä‘á»“ Äƒn ngon láº¯m. MÃ¬nh tá»›i Äƒn thÃ¬ khÃ´ng gian cháº­t vÃ´ cÃ¹ng, gháº¿ dÃ­ sÃ¡t nhau vá»›i bÃ n. Gá»i Ä‘á»“ Äƒn thÃ¬ 3 mÃ³n em nhÃ¢n viÃªn quÃªn luÃ´n 1 mÃ³n. á»œ thÃ¬ cÅ©ng khá»i thanh toÃ¡n. MÃ³n Äƒn thÃ¬ bá» ra sá»‘ tiá»n 120 ngÃ n Äƒn cÆ¡m bÃ² thÃ¬ cÃ³ váº» hÆ¡i Ä‘iÃªn. QuÃ¡n khÃ´ng náº±m á»Ÿ phá»‘ tÃ¢y nhÆ°ng Ä‘Ãºng lÃ  giÃ¡ cá»§a phá»‘ tÃ¢y. BÃ² nÆ°á»›ng phÃ´ mai thÃ¬ bÃ² thÃ¬ máº·n, khÃ´. MÃ¬nh khuyÃªn cÃ¡c báº¡n review cÃ³ tÃ¢m tÃ­, quÃ¡ tháº¥t vá»ng."
137,TÆ°á»ng - Pate & Beefsteak,"VÃ´ trÆ°á»›c 1 gia Ä‘Ã¬nh 4 ngÆ°á»i vÃ  2 ng khÃ¡c , chá» gáº§n 20 phÃºt váº«n chÆ°a cÃ³ mÃ³n, chá»‰ Ä‘Æ°á»£c má»—i ly nÆ°á»›c cam, Ä‘Ã£ váº­y khi há»i láº¡i nv thÃ¬ bÆ°ng ra khÃ´ng Ä‘Ãºng mÃ³n, chÃ¢n thÃ nh khuyÃªn can khÃ´ng nÃªn tá»›i Äƒn khi Ä‘ang vui váº» ğŸ˜Š"
138,Sugoi - Hot Pot - SÆ° Váº¡n Háº¡nh,"MÃ¬nh xin phÃ©p review vá» bá»¯a Ä‘i Äƒn táº¡i Ä‘áº¥y #SUGOI 
VÃ o táº§m 25 phÃºt mÃ¬nh váº«n chÆ°a cÃ³ set Ä‘áº§u liá»n gá»i 1 báº¡n pv Ä‘áº¿n nÃ³i lÃ  c vÃ o gáº§n ná»­a tiáº¿ng r mÃ  váº«n chÆ°a cÃ³ set cho c. Báº¡n nÃ³i mÃ¬nh ord láº¡i r mang ra cho mÃ¬nh cÅ©ng ok vÃ  tiáº¿p tá»¥c ngá»“i Ä‘á»£i thÃªm 15 phÃºt ná»¯a váº«n chÆ°a tháº¥y mang ra. Gá»i thÃªm 1b pv nÃ³i knao cÃ³ mÃ³n cho c set Ä‘áº§u váº«n chÆ°a cÃ³ mÃ  náº£y giá» vÃ´ lÃ¢u láº¯m r báº¡n kÃªu dáº¡ Ä‘á»£i e xÃ­u váº«n lÃ  Ä‘á»£i.
MÃ¬nh cháº¡y láº¡i a máº·c Ä‘á»“ Ä‘en nghÄ© cháº¯c Ä‘Ã¢y lÃ  quáº£n lÃ½ hay gs***vá»›i láº¡i a nÃ y mang nc láº©u ra cho mÃ¬nh cháº¯c biáº¿t dc mÃ¬nh Ä‘Ã£ Ä‘áº¿n lÃ¢u r. MÃ¬nh nÃ³i vá»›i a lÃ  e váº«n chÆ°a cÃ³ set Ä‘áº§u nha anh náº£y h lÃ¢u láº¯m r anh há»i sá»‘ bÃ n vÃ  kÃªu mÃ¬nh Ä‘á»£i xÃ­u mang ra. VÃ  kqua lÃ  a Ã¡o Ä‘en mang ra 1 dÄ©a thá»‹t Ä‘á»ƒ xuá»‘ng bÃ n 1cÃ¡i máº¡nh ko nÃ³i cÃ¢u gÃ¬ vÃ  bá» Ä‘i ( á»« cháº¯c mÃ¬nh tá»›i Ä‘Ã¢y mÃ¬nh xin Äƒn Ã¡ ) ğŸ™‚ğŸ™‚ ko bk á»Ÿ Ä‘Ã¢y nv bá»‹ gÃ¬.
Song mÃ¬nh tháº¥y 1b máº·c Ã¡o Ä‘á» sugoi táº¡i quáº§y thu ngÃ¢n mÃ¬nh ra nÃ³i vá» vde nÃ y mÃ¬nh dÃ¹ng háº¿t dÄ©a thá»‹t Ä‘Ã³ ( vÃ i miáº¿ng ) báº¡n nÃ³i mÃ¬nh thÃ´ng cáº£m táº¡i khÃ¡ch Ä‘ang Ä‘Ã´ng . Tháº­t sá»± mÃ  nÃ³i tá»›i lÃºc Ä‘Ã³ lÃ  Ä‘Ã£ thÃ´ng cáº£m láº¯m rá»“i. Báº¡n Ä‘Ã´ng cá»¡ nÃ o ko cáº§n bk mÃ  ngá»“i cáº£ 40-45 phÃºt má»›i cÃ³ 1 dÄ©a thá»‹t thÃ¬ lÃ  do nhÃ  hÃ ng cá»§a báº¡n. 
MÃ¬nh há»i cá»¡ bao lÃ¢u mÃ¬nh cÃ³ mÃ³n thÃ¬ b nÃ³i 5phut. MÃ¬nh quay vá» bÃ n a Ã¡o Ä‘en mang ra cho mÃ¬nh 
2tÃ´m
1 vÃ¢y cÃ¡ há»“i 
3khay má»±c má»—i khay 2bÃ©
1 khay báº¡ch tuá»™t 1 bÃ© 
Khay cÃ¡ viÃªn
BÃ¡nh bao nhÃ¢n trá»©ng vs hÃ¡ cáº£o 
2 dÄ©a thá»‹t 
VÃ  a Ä‘Ã³ nÃ³i kÃ¨m e mang Ä‘á»§ ra cho c 3l ord r nha cÃ²n thiáº¿u 1 dÄ©a thá»‹t e mang ra sau rá»“i quay Ä‘i. 
Báº¯p bÃ², gáº§u bÃ², ko tháº¥y lÃªn dc máº¥y miáº¿ng ba chá»‰ vs thá»‹t heo mÃ  mÃ¬nh ko ord heo thá»‹t xay cÅ©ng ko cÃ³ v mÃ  cÃ²n dÃ¡m Ä‘á»©ng nÃ³i mang Ä‘á»§ > THUA
Tá»›i lÃºc nc láº©u cáº¡n mÃ¬nh cÃ³ nhá» nv chÃ¢m dÃ¹m báº¡n nÃ o cÅ©ng gáº­t Ä‘áº§u dáº¡ nhÆ°ng láº¡i ko chÃ¢m cÃ¡i ná»“i nhÆ° lÃ  kho thá»‹t. Tá»›i lÃºc mÃ¬nh táº¯t báº¿p ko Äƒn dc ná»¯a thÃ¬ xÃ¡ch cÃ´ng láº¡i chÃ¢m ğŸ™‚ğŸ™‚
300 máº¥y ko cÃ³ lá»›n nhÆ°ng bá» ra á»Ÿ 1 nhÃ  hÃ ng nhÆ° v thÃ¬ ko Ä‘Ã¡ng ko cÃ³ cÃ¡i gÃ¬ giá»‘ng nhÆ° giá»›i thiá»‡u. 
Ko trÃ¡ch nv vÃ¬ cÆ¡ báº£n cÃ¡i báº¡n quáº£n lÃ½ hay giÃ¡m sÃ¡t Ä‘Ã³ Ä‘Ã£ ko Ä‘á»§ ká»¹ nÄƒng cá»§a 1 ngÆ°á»i phá»¥c vá»¥. Tá»›i cÃ¡i khÄƒn mÃ  bÃ n mÃ¬nh cÃ²n ko cÃ³ mÃ  . 
Ko hiá»ƒu s nÃ³i ngá»“i bÃ n nÃ y mÃ  láº¡i tÃ­nh tiá»n bÃ n khÃ¡c. VÃ¬ ord giá»‘ng nÃªn mÃ¬nh ko Ä‘á»ƒ Ã½ chá»© sá»‘ bÃ n lÃ  sai trÃªn bill.
HÃ¬nh áº£nh mÃ¬nh sáº½ Ä‘Ã­nh kÃ¨m á»Ÿ dÆ°á»›i."
139,Kin Kin - Thai Food,"LÃ¢u rá»“i m má»›i ghÃ© láº¡i Kin kin nhg tháº¥t vá»ng. CÃ³ 1 mÃ¬nh Äƒn nÃªn m gá»i 2 mÃ³n. MÃ³n tom yum thÃ¬ á»•n nhg mÃ³n phá»Ÿ xÃ o thÃ¬ tháº­t tá»‡. NÃ³ nhÃ£o vÃ  nÃ¡t, hÆ¡i máº·n. M ko hiá»ƒu do bá»¥ng yáº¿u hay gÃ¬ mÃ  bá»‹ Ä‘au bá»¥ng tá»« Ä‘Ãªm Ä‘áº¿n sÃ¡ng luÃ´n. Mong quÃ¡n lÆ°u Ã½ hÆ¡n Ä‘á»ƒ cháº¥t lÆ°á»£ng mÃ³n Ä‘Æ°á»£c nhÆ° ngÃ y trÆ°á»›c."
140,CÆ¡m SÆ°á»n Bum Bum,ÄÃ³i dÃ£ há»ng ra pháº£i cá»‘ nhai mÃ³n sÆ°á»n xÃ o má»¡ má»³ tÃ´m nÃ y. Pháº£i láº¥y cáº£ ruá»‘c cá»§a mÃ¬nh ra Äƒn cÃ¹ng cÆ¡m
141,Mr Good Tea - Nguyá»…n ÄÃ¬nh Chiá»ƒu,"Bad. MÃ¬nh khÃ´ng thÆ°á»ng xuyÃªn uá»‘ng á»Ÿ Mr. Good Tea, nhÆ°ng hÃ´m Ä‘áº¥y, mÃ¬nh Ä‘á»£i ngÆ°á»i yÃªu cá»§a mÃ¬nh nÃªn mÃ¬nh vÃ o uá»‘ng. MÃ¬nh tháº¥y thÃ¡i Ä‘á»™ phá»¥c vá»¥ ráº¥t tá»‘t, khoáº£n nÃ y mÃ¬nh khÃ´ng nÃ³i gÃ¬ thÃªm. CÃ¡i váº¥n Ä‘á» á»Ÿ Ä‘Ã¢y lÃ  mÃ¬nh gá»i má»™t trÃ  sá»¯a truyá»n thá»‘ng, tháº­t tá»‡ khi Ä‘em ra mÃ¬nh uá»‘ng thá»­ má»™t Ã­t, vá»‹ gáº¯t cá»§a trÃ  cÃ²n táº­n cuá»‘ng há»ng, pháº£i nÃ³i lÃ  kinh khá»§ng, Ä‘áº¿n ná»—i mÃ¬nh khÃ´ng dÃ¡m uá»‘ng tiáº¿p ngá»¥m tiáº¿p theo, vÃ  mÃ¬nh cÃ²n hÆ¡n ná»­a ly (mÃ¬nh chÆ°a tá»«ng uá»‘ng ly trÃ  sá»¯a nÃ o nhÆ° váº­y) mÃ¬nh Ä‘Ã£ Ä‘em quÄƒng vÃ o thÃ¹ng rÃ¡c, Ä‘Ã³ lÃ  láº§n hai vÃ  mÃ¬nh cháº¯c cháº¯n ráº±ng sáº½ khÃ´ng quay láº¡i ná»¯a."
